Overall Qual,Gr Liv Area,Garage Area,Garage Cars,Total Bsmt SF,1st Flr SF,SalePrice,Bsmt Qual
6,1479,475.0,2.0,725.0,725,130500,3
7,2122,559.0,2.0,913.0,913,220000,4
5,1057,246.0,1.0,1057.0,1057,109000,3
5,1444,400.0,2.0,384.0,744,174000,4
6,1445,484.0,2.0,676.0,831,138500,2
6,1888,578.0,2.0,1517.0,1888,190000,3
6,1072,525.0,2.0,547.0,1072,140000,4
5,1188,531.0,2.0,1188.0,1188,142000,3
5,924,420.0,1.0,924.0,924,112500,3
5,2080,504.0,2.0,1040.0,1040,135000,4
6,987,264.0,1.0,483.0,483,85400,3
7,1208,632.0,2.0,1208.0,1208,183600,4
5,2016,576.0,2.0,0.0,1288,131000,0
8,1607,480.0,2.0,960.0,962,200000,4
7,1361,610.0,2.0,1351.0,1361,193000,4
5,1430,624.0,2.0,1430.0,1430,173500,5
5,1344,513.0,3.0,624.0,624,98000,3
5,1121,480.0,2.0,1121.0,1121,139000,3
6,1285,528.0,2.0,660.0,1285,143500,3
7,1547,614.0,2.0,756.0,764,215200,4
5,894,450.0,2.0,894.0,894,129000,4
8,1659,499.0,2.0,1501.0,1659,278000,4
8,2253,575.0,2.0,1209.0,1209,344133,5
6,1187,420.0,2.0,1168.0,1187,185000,4
5,1056,572.0,2.0,1056.0,1056,145000,3
6,1453,530.0,2.0,1453.0,1453,187500,3
5,894,336.0,1.0,894.0,894,138500,3
5,1938,240.0,1.0,942.0,1265,198000,3
5,1991,0.0,0.0,957.0,1034,119600,3
5,924,576.0,2.0,672.0,672,122900,3
8,2524,542.0,2.0,2524.0,2524,278000,4
8,1517,400.0,2.0,792.0,792,230000,4
8,1494,481.0,2.0,1494.0,1494,270000,4
6,948,410.0,2.0,948.0,948,125000,3
8,1718,826.0,3.0,1705.0,1718,297000,5
6,1142,384.0,1.0,160.0,1142,113500,4
5,1475,336.0,1.0,757.0,925,127000,3
6,1844,546.0,2.0,1844.0,1844,190000,4
7,1242,528.0,2.0,1242.0,1242,175500,3
5,990,384.0,1.0,990.0,990,146000,4
5,1256,276.0,1.0,1256.0,1256,147500,3
10,2076,850.0,3.0,2076.0,2076,465000,5
5,1110,602.0,2.0,1097.0,1110,165500,4
5,1795,352.0,1.0,1050.0,1050,131500,3
5,1040,384.0,1.0,1040.0,1040,129500,3
8,1873,786.0,2.0,608.0,983,257076,3
5,1604,660.0,2.0,984.0,984,117000,3
7,1502,270.0,1.0,776.0,851,149000,4
5,1063,280.0,1.0,1056.0,1063,128000,3
7,1626,474.0,2.0,764.0,764,155000,4
6,1524,440.0,2.0,756.0,768,166000,4
4,1981,576.0,2.0,1122.0,1328,135000,3
7,2784,564.0,2.0,1392.0,1392,250000,4
4,1092,0.0,0.0,546.0,546,76000,3
6,1575,400.0,2.0,216.0,1575,155000,3
6,1352,299.0,1.0,663.0,663,158000,3
7,1200,480.0,2.0,600.0,600,149500,4
5,936,240.0,1.0,936.0,936,121000,3
6,1040,293.0,1.0,1040.0,1040,136000,3
6,1636,386.0,2.0,916.0,916,173000,4
8,2270,671.0,3.0,1152.0,1164,290000,4
8,2610,550.0,2.0,1184.0,1184,303477,4
7,1483,690.0,2.0,1420.0,1483,270000,4
5,1740,225.0,1.0,936.0,960,122250,3
5,1382,350.0,1.0,1382.0,1382,153000,3
5,1120,0.0,0.0,1120.0,1120,147000,4
7,1098,216.0,1.0,531.0,567,148500,4
7,1708,380.0,2.0,976.0,976,130000,4
9,1802,843.0,3.0,1802.0,1802,372000,5
7,1506,440.0,2.0,1362.0,1506,213490,4
7,1508,572.0,2.0,1508.0,1508,308030,4
7,2032,786.0,3.0,1840.0,2032,300000,5
6,1194,539.0,2.0,655.0,1194,159500,3
7,1709,380.0,2.0,970.0,970,137500,4
7,1616,834.0,3.0,1616.0,1616,232000,4
6,768,440.0,2.0,768.0,768,93850,3
5,872,322.0,1.0,872.0,872,105000,3
4,520,240.0,1.0,520.0,520,68500,3
5,2274,480.0,2.0,1105.0,1105,154300,3
5,1601,0.0,0.0,936.0,936,129850,3
5,1232,480.0,2.0,616.0,616,114000,3
9,2234,1166.0,3.0,2216.0,2234,501837,5
5,1416,720.0,3.0,876.0,876,153900,3
4,864,576.0,2.0,864.0,864,130000,3
6,1189,392.0,2.0,1189.0,1189,160500,5
9,1666,575.0,2.0,1666.0,1666,310090,5
7,1200,555.0,2.0,1176.0,1200,184900,4
5,928,252.0,1.0,928.0,928,132000,4
5,1336,502.0,2.0,1288.0,1336,163000,4
7,1200,480.0,2.0,600.0,600,155000,4
6,1427,516.0,2.0,1427.0,1427,183000,3
7,1992,608.0,2.0,860.0,1212,211000,4
7,1540,495.0,2.0,754.0,754,184000,4
5,1535,400.0,2.0,0.0,1535,118858,0
5,1152,484.0,2.0,1152.0,1152,180500,3
8,1151,484.0,2.0,1141.0,1151,166000,4
6,1138,480.0,2.0,1138.0,1138,148000,3
5,1074,396.0,2.0,894.0,1074,124000,3
9,1561,556.0,2.0,1561.0,1561,277500,5
8,2726,725.0,3.0,1342.0,1358,350000,4
9,1884,670.0,3.0,1884.0,1884,387000,5
4,605,0.0,0.0,528.0,605,86000,3
8,1671,550.0,2.0,1426.0,1671,290000,4
3,797,0.0,0.0,245.0,797,44000,2
6,1961,560.0,2.0,804.0,804,215000,5
5,1193,501.0,2.0,1153.0,1193,146500,4
7,1382,490.0,2.0,673.0,673,165000,4
6,2526,216.0,1.0,714.0,1664,136000,3
6,1390,550.0,2.0,1705.0,1390,252000,4
7,1626,474.0,2.0,764.0,764,175500,4
5,1558,400.0,2.0,690.0,868,150000,3
5,1422,286.0,1.0,978.0,1422,139900,3
5,1573,360.0,2.0,1078.0,1128,162900,3
6,1116,440.0,2.0,1116.0,1116,160000,3
2,660,0.0,0.0,0.0,660,63900,0
6,1707,479.0,2.0,1140.0,1707,184000,3
5,1466,528.0,2.0,1466.0,1466,149900,3
9,1638,495.0,2.0,1614.0,1638,300000,4
5,1721,626.0,2.0,988.0,1721,145000,3
6,1764,470.0,2.0,928.0,928,231500,4
5,996,0.0,0.0,996.0,996,108000,3
5,1202,304.0,1.0,1202.0,1202,120000,3
5,988,572.0,2.0,988.0,988,128500,3
5,1028,360.0,2.0,1008.0,1028,115000,3
5,1284,240.0,1.0,720.0,720,110000,3
9,2944,864.0,3.0,994.0,1599,150000,4
8,1414,403.0,2.0,707.0,707,178000,5
7,1609,579.0,3.0,637.0,959,199500,3
6,1525,400.0,2.0,813.0,813,183500,3
5,1656,288.0,1.0,624.0,1092,126000,4
7,1055,440.0,2.0,1055.0,1055,148500,4
5,1352,720.0,2.0,676.0,676,149000,3
6,1456,440.0,2.0,855.0,855,137900,4
8,1719,473.0,2.0,1719.0,1719,324000,4
5,864,0.0,0.0,864.0,864,98000,3
6,987,264.0,1.0,483.0,483,103400,3
5,1020,0.0,0.0,780.0,780,94000,3
8,1554,627.0,2.0,1554.0,1554,209500,4
10,3390,758.0,3.0,1528.0,1528,545224,5
6,1560,0.0,0.0,780.0,780,159900,3
4,864,400.0,2.0,864.0,864,141000,3
6,1889,431.0,2.0,982.0,1008,215000,4
5,1040,260.0,1.0,1040.0,1040,127000,3
5,1172,366.0,1.0,1172.0,1172,128000,3
8,1418,852.0,3.0,1642.0,1418,267916,5
6,1367,560.0,1.0,884.0,959,127500,3
7,1922,672.0,2.0,0.0,495,198500,0
6,1422,576.0,2.0,1422.0,1422,175500,4
7,1842,486.0,2.0,985.0,985,217500,4
4,1962,572.0,2.0,888.0,888,149500,3
5,1120,656.0,2.0,864.0,1120,148800,3
9,2868,716.0,3.0,1992.0,1992,556581,5
6,1478,442.0,2.0,1478.0,1478,156500,3
7,1995,610.0,2.0,930.0,950,237000,4
5,912,297.0,1.0,912.0,912,120000,3
6,1326,388.0,2.0,1326.0,1326,203000,4
8,1204,461.0,2.0,1191.0,1204,130000,4
6,1611,442.0,2.0,780.0,798,167900,3
4,960,576.0,2.0,960.0,960,129000,3
5,1236,447.0,1.0,1070.0,1236,134450,3
5,1416,576.0,2.0,816.0,1416,112000,3
7,1873,619.0,2.0,929.0,946,207000,4
5,2128,0.0,0.0,1040.0,1088,62500,3
7,1626,474.0,2.0,764.0,764,154000,4
5,816,308.0,1.0,816.0,816,129900,3
5,1112,336.0,1.0,536.0,536,85000,4
7,1111,288.0,1.0,572.0,572,116900,3
6,1441,440.0,2.0,855.0,855,148500,3
4,924,280.0,1.0,672.0,672,80000,4
5,1126,506.0,2.0,1060.0,1126,152000,4
5,992,319.0,1.0,381.0,992,155891,2
6,1376,576.0,2.0,768.0,752,165000,3
7,1218,676.0,2.0,1218.0,1218,204500,4
5,1644,312.0,1.0,728.0,888,146500,3
7,1601,478.0,2.0,1271.0,1601,157000,4
7,2495,342.0,2.0,1313.0,1313,184000,3
6,1509,393.0,2.0,783.0,807,183200,4
5,1092,288.0,1.0,1092.0,1092,139000,3
7,2418,983.0,3.0,1311.0,1325,341000,4
6,987,264.0,1.0,483.0,483,96000,3
4,1121,440.0,2.0,1121.0,1121,140000,4
6,1236,923.0,2.0,912.0,1236,149700,3
5,1074,495.0,2.0,1056.0,1074,153500,4
1,733,487.0,2.0,0.0,733,13100,0
7,1768,543.0,2.0,884.0,884,224900,4
7,1266,453.0,2.0,1257.0,1266,176000,4
8,2872,541.0,2.0,1683.0,2129,285000,4
8,1464,754.0,3.0,1485.0,1464,282922,4
7,2157,487.0,2.0,924.0,1216,226000,3
8,2576,666.0,3.0,1234.0,1264,361919,5
9,2798,670.0,3.0,1398.0,1414,457347,5
8,1743,529.0,2.0,966.0,1743,279000,4
6,1567,714.0,2.0,1567.0,1567,196000,3
7,1370,479.0,2.0,1090.0,1370,152000,4
5,2634,968.0,4.0,1248.0,1338,200000,3
8,1590,754.0,3.0,1570.0,1590,294900,5
7,1450,788.0,3.0,1450.0,1450,224243,4
6,1338,528.0,2.0,832.0,846,92000,2
7,1456,400.0,2.0,728.0,728,179540,4
10,2392,968.0,3.0,2392.0,2392,386250,5
4,992,297.0,1.0,530.0,530,106500,4
10,2007,812.0,3.0,1017.0,1026,310000,5
7,2385,600.0,3.0,1066.0,1108,252000,4
7,1646,240.0,1.0,918.0,918,164000,3
7,1456,400.0,2.0,728.0,728,177594,4
5,1040,624.0,2.0,528.0,548,123900,3
6,2624,864.0,3.0,1370.0,1370,239000,4
5,1264,528.0,2.0,1068.0,1264,169000,3
7,1557,420.0,2.0,1374.0,1557,234000,4
6,1287,541.0,2.0,957.0,1287,173000,4
6,1004,480.0,2.0,1004.0,1004,149000,3
7,1162,483.0,2.0,1162.0,1162,170000,4
7,1436,529.0,2.0,1436.0,1436,225000,5
5,960,300.0,1.0,960.0,960,144900,3
5,1196,336.0,1.0,1196.0,1196,144000,4
8,1269,430.0,2.0,1256.0,1269,192000,4
5,1031,230.0,1.0,1031.0,1031,145500,3
4,720,280.0,1.0,448.0,448,86900,2
6,1505,505.0,2.0,1505.0,1505,149500,3
5,954,240.0,1.0,920.0,954,119750,2
6,1500,564.0,2.0,750.0,750,173900,4
5,1050,368.0,1.0,1050.0,1050,136500,3
8,2687,618.0,2.0,2062.0,2079,270000,4
6,1252,564.0,2.0,1602.0,1252,235000,4
7,1430,400.0,2.0,384.0,774,156000,4
5,1114,576.0,2.0,1114.0,1114,153000,4
6,1224,402.0,2.0,1224.0,1224,165000,5
9,2504,656.0,3.0,1122.0,1134,325000,4
5,1355,528.0,2.0,728.0,760,140000,3
6,2294,658.0,2.0,741.0,1497,202500,3
9,1702,1052.0,3.0,1702.0,1702,367294,5
6,1509,600.0,2.0,1461.0,1509,175000,4
7,1717,642.0,3.0,756.0,961,140000,3
7,1240,528.0,2.0,1265.0,1240,174000,4
7,1166,400.0,2.0,856.0,1166,190000,4
5,1464,0.0,0.0,504.0,764,129000,3
6,1652,510.0,2.0,1592.0,1652,200000,3
6,2142,509.0,1.0,896.0,1182,193500,4
6,1092,504.0,2.0,1092.0,1092,145000,4
7,1671,451.0,2.0,1022.0,1122,218000,3
5,1488,569.0,2.0,0.0,1488,135000,0
5,1624,240.0,1.0,1444.0,1624,146500,3
6,1362,460.0,2.0,1362.0,1362,194700,4
7,1218,462.0,2.0,1218.0,1218,230348,4
6,1068,288.0,1.0,1124.0,1068,109500,2
6,1625,576.0,2.0,1625.0,1625,242500,4
7,1767,504.0,2.0,1064.0,1064,239000,4
6,1050,286.0,1.0,1050.0,1050,156000,3
4,907,352.0,1.0,907.0,907,109008,3
2,845,256.0,1.0,0.0,640,68104,0
8,2501,751.0,3.0,1242.0,1251,290000,4
5,1209,504.0,2.0,1209.0,1209,159000,4
4,906,231.0,1.0,348.0,453,87000,3
8,1601,670.0,2.0,1581.0,1601,272000,4
7,1336,502.0,2.0,1336.0,1336,198000,4
4,1656,440.0,2.0,801.0,1095,119164,3
5,1124,0.0,0.0,0.0,1124,93000,0
7,1892,431.0,2.0,982.0,1008,226750,4
3,1699,420.0,2.0,978.0,1014,95000,2
6,1416,312.0,1.0,780.0,780,139900,3
3,1306,0.0,0.0,728.0,1306,76500,3
4,672,308.0,1.0,672.0,672,86900,3
5,1160,257.0,1.0,1113.0,1160,152500,3
4,930,286.0,1.0,911.0,930,99000,4
4,708,0.0,0.0,420.0,708,82500,3
6,1575,529.0,2.0,1575.0,1575,179200,4
5,1059,286.0,1.0,1059.0,1059,142500,3
4,1005,440.0,2.0,1005.0,1005,115400,3
7,1929,650.0,2.0,1057.0,1057,226000,4
7,1200,480.0,2.0,600.0,520,144152,4
8,2690,795.0,3.0,1765.0,1804,370000,5
5,833,495.0,2.0,833.0,833,149900,4
6,1456,429.0,2.0,728.0,728,172785,4
5,864,720.0,2.0,864.0,864,129000,3
6,1586,435.0,2.0,1362.0,1586,181000,4
5,1370,300.0,1.0,1058.0,1370,148000,3
6,914,0.0,0.0,914.0,914,117250,4
7,1555,430.0,2.0,1373.0,1555,192500,4
6,1556,452.0,2.0,716.0,716,151000,4
5,882,461.0,2.0,882.0,882,112500,3
5,1167,495.0,2.0,915.0,1167,144000,3
9,1800,944.0,3.0,1800.0,1800,370967,5
6,1456,440.0,2.0,855.0,855,149900,3
7,1660,493.0,2.0,831.0,831,195000,4
7,1482,392.0,2.0,384.0,812,163900,4
6,1522,552.0,2.0,1190.0,1522,182000,4
9,2036,780.0,3.0,2190.0,2036,410000,5
5,1595,672.0,2.0,1582.0,1595,152000,4
7,1686,462.0,2.0,891.0,891,184000,4
7,1344,784.0,4.0,1344.0,1344,206300,4
5,1652,928.0,3.0,1652.0,1652,146500,3
4,1337,263.0,1.0,832.0,832,108000,3
7,1920,487.0,2.0,570.0,1222,170000,3
6,848,420.0,2.0,848.0,848,145000,4
7,1055,440.0,2.0,1057.0,1055,123000,4
6,1291,431.0,2.0,1291.0,1291,173000,4
6,720,484.0,2.0,624.0,720,105900,3
4,988,297.0,1.0,462.0,526,91000,4
5,1523,295.0,1.0,1067.0,986,158000,3
7,1728,572.0,2.0,864.0,864,190000,4
8,1239,477.0,2.0,1230.0,1239,217500,4
5,1955,356.0,1.0,1151.0,1151,165500,3
7,1564,234.0,1.0,704.0,860,174500,3
4,1204,312.0,1.0,416.0,1204,100000,5
6,1329,312.0,1.0,1329.0,1329,172000,3
5,879,440.0,2.0,864.0,879,120000,3
4,841,294.0,1.0,721.0,841,82000,3
6,1312,649.0,2.0,784.0,900,127000,3
6,2058,396.0,2.0,735.0,1134,129500,4
8,1360,565.0,2.0,1220.0,1360,187500,4
8,1786,715.0,3.0,1778.0,1786,300000,5
6,1993,495.0,2.0,825.0,1097,190000,3
4,1362,280.0,1.0,951.0,986,96000,3
7,1550,438.0,2.0,1092.0,1112,241000,4
5,1696,349.0,1.0,1140.0,1696,143900,3
4,1092,286.0,1.0,546.0,546,87550,3
9,1752,576.0,2.0,1752.0,1752,319900,5
9,2473,675.0,3.0,1094.0,1102,356383,5
9,1800,702.0,2.0,1800.0,1800,239000,5
7,2197,783.0,3.0,1080.0,1108,287500,4
5,1382,660.0,2.0,720.0,854,128500,3
7,1733,433.0,2.0,847.0,847,185088,4
7,1402,625.0,2.0,1402.0,1402,229800,4
5,887,288.0,1.0,864.0,887,124500,3
5,1051,504.0,2.0,1051.0,1051,142000,3
6,1510,216.0,1.0,755.0,755,149000,3
5,1656,506.0,2.0,1656.0,1656,135000,3
6,958,440.0,2.0,1078.0,958,128000,4
8,3228,546.0,2.0,3200.0,3228,430000,4
5,1040,686.0,2.0,1040.0,1040,145000,3
5,1250,552.0,2.0,661.0,661,139000,3
6,1868,477.0,2.0,585.0,1140,178000,4
10,2790,1150.0,4.0,1620.0,1632,460000,5
6,2134,441.0,2.0,844.0,1445,214500,3
5,1928,0.0,0.0,686.0,948,160000,3
7,2060,390.0,2.0,992.0,1022,214000,4
6,1378,162.0,1.0,901.0,861,128900,3
4,1622,1356.0,4.0,1249.0,1622,168000,3
8,1880,880.0,3.0,955.0,955,310013,5
8,1088,461.0,2.0,1074.0,1088,170000,4
5,1040,286.0,1.0,1040.0,1040,133700,3
6,1502,180.0,1.0,602.0,900,165000,3
6,987,264.0,1.0,483.0,483,89500,3
6,1095,264.0,1.0,588.0,1095,140000,3
7,1709,380.0,2.0,970.0,970,134000,4
6,1731,462.0,2.0,836.0,844,248500,4
4,960,364.0,1.0,648.0,960,145000,3
6,1552,434.0,2.0,713.0,811,179900,4
8,1795,895.0,3.0,1795.0,1795,147000,5
5,1274,576.0,2.0,624.0,624,136000,4
6,1196,576.0,2.0,572.0,848,128000,3
4,704,220.0,1.0,560.0,704,88750,2
5,972,305.0,1.0,972.0,972,122500,3
6,1458,330.0,1.0,912.0,912,97500,3
6,1008,430.0,2.0,1008.0,1008,135000,3
9,1828,774.0,3.0,1822.0,1828,314813,5
3,1526,0.0,0.0,1013.0,1013,85000,3
6,1176,624.0,2.0,698.0,786,134900,3
5,1057,288.0,1.0,1057.0,1057,137000,3
8,2113,839.0,3.0,2109.0,2113,350000,4
5,1387,300.0,1.0,943.0,1387,145000,3
9,2758,814.0,3.0,1704.0,1722,418000,5
3,840,250.0,1.0,798.0,840,64000,3
5,1520,281.0,1.0,793.0,848,159434,3
8,1542,852.0,3.0,1542.0,1542,260261,4
5,1385,720.0,2.0,910.0,910,166000,3
5,936,288.0,1.0,896.0,936,130000,3
5,1288,240.0,1.0,824.0,824,112000,2
5,1128,525.0,2.0,1120.0,1128,155000,3
8,1968,680.0,3.0,774.0,774,269500,5
6,1246,441.0,2.0,1246.0,1246,172000,3
7,1740,240.0,1.0,800.0,960,219500,3
5,925,484.0,2.0,925.0,925,133500,3
7,1430,400.0,2.0,384.0,774,170000,4
8,1566,288.0,1.0,930.0,930,150000,3
5,950,400.0,2.0,984.0,950,130000,3
5,1144,796.0,1.0,1144.0,1144,143000,3
5,1114,451.0,2.0,1114.0,1114,140000,3
7,2223,516.0,2.0,2223.0,2223,244000,4
5,1111,288.0,1.0,530.0,581,101000,3
5,960,624.0,2.0,960.0,960,125000,3
6,1633,460.0,2.0,932.0,932,183000,4
6,2229,0.0,0.0,755.0,929,104000,3
6,984,280.0,1.0,936.0,984,112500,3
6,1686,612.0,2.0,1686.0,1686,207500,4
7,1614,576.0,2.0,1614.0,1614,225000,4
5,864,297.0,1.0,864.0,864,119900,3
7,1740,874.0,3.0,1721.0,1740,293000,5
5,1721,440.0,2.0,1461.0,1721,180000,3
6,1034,888.0,3.0,1012.0,1034,169900,3
6,1902,539.0,2.0,0.0,1318,112000,0
6,1097,480.0,2.0,1040.0,1097,152000,4
9,2206,670.0,3.0,1090.0,1117,300000,4
6,1117,672.0,2.0,1029.0,1117,107000,3
4,2290,560.0,2.0,777.0,1246,122500,3
6,948,264.0,1.0,483.0,483,89000,3
6,919,231.0,1.0,600.0,600,95000,2
6,1152,412.0,2.0,912.0,1152,143450,3
9,2334,751.0,3.0,1590.0,1627,376162,5
5,1264,461.0,2.0,1268.0,1264,167500,3
5,1224,528.0,2.0,1086.0,1224,153337,4
6,1369,300.0,1.0,672.0,697,103600,3
5,894,308.0,1.0,894.0,894,128200,3
6,1573,440.0,2.0,756.0,769,177500,4
8,2250,756.0,3.0,1671.0,1687,320000,4
6,1514,394.0,2.0,794.0,819,190000,4
6,1218,0.0,0.0,672.0,672,91500,3
5,1387,256.0,1.0,811.0,811,93000,3
4,1317,250.0,1.0,649.0,649,40000,3
6,1355,0.0,0.0,684.0,773,127000,3
4,952,330.0,1.0,756.0,952,50138,3
6,1113,504.0,1.0,1143.0,1113,148000,3
5,778,924.0,1.0,740.0,778,120500,3
6,1489,240.0,1.0,778.0,944,139500,3
9,1698,768.0,3.0,1698.0,1698,320000,5
7,2267,498.0,2.0,1005.0,1262,219000,3
5,902,484.0,2.0,864.0,902,131000,4
6,1495,440.0,2.0,738.0,738,171925,4
5,1384,404.0,2.0,1348.0,1384,177900,4
6,1436,228.0,1.0,585.0,851,141500,3
6,1636,440.0,2.0,952.0,952,191000,4
6,1158,576.0,2.0,1158.0,1158,158000,4
8,1646,870.0,3.0,1638.0,1646,248900,4
5,1768,240.0,1.0,731.0,981,175000,4
6,1565,299.0,1.0,1187.0,1565,185900,3
7,1768,320.0,2.0,880.0,880,163000,4
5,1396,0.0,0.0,660.0,1060,115000,3
6,1096,484.0,2.0,1008.0,1096,157500,3
7,2312,658.0,3.0,1177.0,1223,245000,4
8,1337,462.0,2.0,1337.0,1337,180000,4
7,1102,480.0,2.0,551.0,551,148800,4
8,2031,577.0,2.0,1128.0,1128,237000,4
2,438,246.0,1.0,290.0,438,60000,3
5,1033,504.0,2.0,456.0,1033,165000,4
7,2327,596.0,2.0,1129.0,1129,240000,4
7,1187,420.0,2.0,1168.0,1187,160000,4
6,1340,440.0,1.0,780.0,816,128000,3
4,1152,0.0,0.0,0.0,1152,82000,0
6,1567,542.0,2.0,1562.0,1567,256000,3
7,1482,324.0,2.0,650.0,832,143000,3
7,1689,433.0,2.0,1689.0,1689,231713,4
5,1424,828.0,3.0,1100.0,1424,155000,4
5,816,264.0,1.0,816.0,816,128500,3
7,1424,312.0,1.0,1228.0,1424,168000,3
7,1479,484.0,2.0,725.0,725,184000,3
5,1025,0.0,0.0,1025.0,1025,124000,3
6,1442,615.0,2.0,1442.0,1442,185000,3
8,1936,504.0,2.0,1406.0,1454,230500,4
7,1939,555.0,3.0,1054.0,1070,227000,4
6,1476,540.0,2.0,738.0,738,173500,4
5,898,326.0,1.0,833.0,898,140000,4
8,1460,480.0,2.0,1460.0,1460,247000,5
6,1034,504.0,2.0,456.0,1034,149900,4
5,1174,528.0,2.0,864.0,1174,158000,4
7,1080,496.0,2.0,530.0,530,147110,4
6,1376,198.0,1.0,780.0,780,119500,3
5,1567,440.0,2.0,840.0,840,205000,3
5,1534,0.0,0.0,736.0,751,148000,4
8,1616,608.0,2.0,1595.0,1616,236500,4
5,1551,240.0,1.0,1058.0,1058,137000,2
5,960,330.0,1.0,960.0,960,122000,3
7,1302,436.0,2.0,1302.0,1302,176485,4
5,816,210.0,1.0,816.0,816,109000,3
7,1502,286.0,1.0,1502.0,1502,330000,4
6,1133,308.0,1.0,192.0,1133,143000,3
9,3078,806.0,3.0,1408.0,1671,410000,5
6,1721,471.0,2.0,928.0,936,201000,4
4,1760,648.0,2.0,1077.0,981,80000,2
6,2320,180.0,1.0,1028.0,1436,259500,3
7,2486,452.0,2.0,1122.0,1146,279900,4
5,1246,305.0,1.0,1246.0,1246,154000,3
6,2144,389.0,2.0,1444.0,1444,277000,4
5,1150,215.0,1.0,799.0,799,128000,3
8,1600,890.0,3.0,1566.0,1600,256300,4
4,1755,231.0,1.0,930.0,1230,188000,3
8,1800,765.0,3.0,1800.0,1800,312500,5
7,1200,480.0,2.0,600.0,600,151000,4
5,1365,440.0,2.0,765.0,765,122500,3
6,1696,542.0,2.0,835.0,835,188000,4
7,1809,638.0,2.0,945.0,945,209700,4
8,2234,724.0,2.0,2220.0,2234,441929,5
6,1680,474.0,2.0,886.0,886,163000,4
6,2087,444.0,2.0,832.0,976,187500,3
8,1513,521.0,2.0,1462.0,1513,220000,4
5,1107,308.0,1.0,949.0,1107,127000,3
5,827,392.0,1.0,0.0,827,107500,0
6,1484,0.0,0.0,742.0,742,128000,3
5,764,504.0,2.0,680.0,764,73000,2
9,1792,874.0,3.0,1792.0,1792,374000,5
8,2649,746.0,3.0,1479.0,1515,421250,5
6,1593,389.0,2.0,808.0,808,178000,4
4,1181,588.0,2.0,1138.0,1181,137500,4
8,1987,691.0,2.0,1986.0,1987,301500,4
6,1242,180.0,1.0,583.0,647,105000,3
6,976,504.0,2.0,976.0,976,157500,3
5,1214,216.0,1.0,969.0,969,117000,3
5,864,336.0,1.0,864.0,864,105000,3
6,1639,240.0,1.0,1064.0,1166,115000,3
9,1736,834.0,3.0,1736.0,1736,360000,5
5,1535,400.0,2.0,0.0,1535,118858,0
6,1632,484.0,2.0,800.0,800,173000,3
3,725,320.0,1.0,630.0,725,78500,3
7,1720,440.0,2.0,840.0,840,183500,4
4,936,576.0,2.0,936.0,936,93000,2
8,1589,630.0,3.0,1406.0,1589,226500,4
6,1571,380.0,2.0,799.0,799,178000,4
7,1479,558.0,2.0,1453.0,1479,226000,4
5,1632,898.0,2.0,784.0,784,173000,3
5,864,360.0,1.0,864.0,864,62383,3
9,2713,858.0,3.0,1452.0,1476,446261,5
7,1479,312.0,1.0,624.0,743,160000,3
7,1576,668.0,3.0,1393.0,1576,219990,4
7,1479,577.0,2.0,1468.0,1479,191000,4
5,1060,308.0,1.0,756.0,916,136500,3
4,943,308.0,1.0,0.0,943,80000,0
7,2183,786.0,3.0,1204.0,1377,229000,4
7,1949,574.0,2.0,1050.0,1062,236000,4
10,1824,932.0,3.0,1824.0,1824,392000,5
6,1930,316.0,1.0,720.0,1146,149000,3
10,2393,846.0,2.0,970.0,1469,345000,4
5,2014,624.0,2.0,716.0,1007,169000,2
4,1242,336.0,1.0,484.0,1242,109900,3
7,2000,650.0,3.0,996.0,996,188000,4
6,1412,280.0,1.0,780.0,825,132500,3
5,990,440.0,1.0,990.0,990,143000,3
5,1342,256.0,1.0,1342.0,1342,125000,2
9,1868,1085.0,3.0,1868.0,1868,415000,5
4,1363,528.0,2.0,622.0,741,125500,2
6,1632,338.0,1.0,1240.0,1632,139000,3
10,2296,842.0,3.0,1722.0,1728,451950,5
5,1678,0.0,0.0,1678.0,1678,119900,3
8,1296,471.0,2.0,1267.0,1296,220000,5
6,1587,525.0,2.0,1587.0,1587,167300,3
5,1298,256.0,1.0,720.0,854,122000,3
5,1728,504.0,2.0,1728.0,1728,125000,3
5,928,288.0,1.0,928.0,928,112500,3
7,1795,578.0,2.0,879.0,879,191000,4
6,1080,288.0,1.0,1080.0,1080,136000,3
7,1779,546.0,2.0,866.0,866,197900,4
6,1635,255.0,1.0,485.0,1001,117000,3
7,1220,632.0,2.0,1199.0,1220,194000,4
9,1310,545.0,2.0,1310.0,1310,285000,5
5,1355,0.0,0.0,644.0,808,127500,3
7,2295,590.0,2.0,1095.0,1166,268000,4
4,1798,342.0,2.0,1075.0,1156,137000,3
7,1620,578.0,2.0,1620.0,1620,215000,3
5,1216,336.0,1.0,1216.0,1216,129500,3
5,1344,240.0,1.0,896.0,896,115000,4
5,1159,288.0,1.0,747.0,747,114000,3
4,1056,384.0,1.0,1056.0,1056,107000,3
5,1216,336.0,1.0,832.0,832,118500,3
6,1158,208.0,1.0,862.0,950,120000,3
8,1538,484.0,2.0,1538.0,1538,260000,4
5,1143,308.0,1.0,1143.0,1143,136000,3
4,872,480.0,4.0,858.0,872,123000,3
6,1406,0.0,0.0,319.0,1035,89500,3
6,1324,430.0,2.0,1324.0,1324,199500,4
5,904,408.0,1.0,876.0,904,109900,3
7,2080,282.0,1.0,1276.0,1276,234000,4
6,848,420.0,2.0,848.0,848,155900,4
4,1788,304.0,1.0,1104.0,1104,161500,3
6,1344,525.0,2.0,819.0,1344,137500,3
5,2256,0.0,0.0,840.0,1128,76500,3
6,2060,521.0,2.0,1151.0,1164,211000,4
6,1337,511.0,2.0,1405.0,1337,181000,4
6,1165,490.0,2.0,1127.0,1165,174900,3
5,1320,564.0,2.0,1164.0,1320,164500,3
7,1535,532.0,2.0,1517.0,1535,214000,4
7,2044,489.0,2.0,738.0,1277,185000,4
4,1136,336.0,1.0,704.0,624,123000,3
6,1299,486.0,2.0,1001.0,1299,183500,4
8,1441,492.0,2.0,776.0,764,174000,4
5,1630,649.0,2.0,1073.0,1630,130000,3
7,1641,546.0,2.0,728.0,832,178000,3
5,1629,482.0,2.0,928.0,928,189900,4
6,848,420.0,2.0,848.0,848,144000,4
6,816,432.0,1.0,816.0,816,120500,3
5,1097,672.0,2.0,1097.0,1097,145000,4
8,1652,499.0,2.0,1494.0,1652,251000,4
4,1768,0.0,0.0,1768.0,1768,136500,3
4,1152,0.0,0.0,0.0,1152,82500,0
2,810,280.0,1.0,0.0,810,57625,0
7,1358,484.0,2.0,1350.0,1358,212500,4
6,1216,402.0,2.0,1216.0,1216,164000,5
6,1638,384.0,1.0,967.0,967,139000,3
7,1252,462.0,2.0,600.0,624,160000,4
5,883,698.0,2.0,828.0,883,149000,4
5,874,288.0,1.0,864.0,874,130000,3
7,1710,480.0,2.0,576.0,902,140000,3
8,1836,517.0,2.0,1836.0,1836,264500,4
5,1092,299.0,1.0,1092.0,1092,141000,3
7,1241,569.0,2.0,1241.0,1241,199900,4
6,1334,630.0,2.0,1350.0,1334,167900,4
6,1429,572.0,2.0,1144.0,1429,181900,3
8,1566,750.0,2.0,1566.0,1566,262500,4
7,2288,520.0,2.0,908.0,1316,230000,4
9,1709,506.0,2.0,1698.0,1709,328900,5
8,1721,554.0,2.0,1721.0,1721,232698,4
8,1254,810.0,3.0,1254.0,1254,221800,4
5,1350,627.0,3.0,576.0,864,152400,3
7,1630,451.0,2.0,1630.0,1630,213000,4
7,1585,449.0,2.0,784.0,831,184900,4
5,1336,375.0,1.0,1165.0,1336,157000,3
5,1211,576.0,2.0,864.0,1211,144000,3
6,1353,478.0,2.0,1259.0,1353,192350,4
7,1200,440.0,2.0,1174.0,1200,163500,3
7,2329,514.0,2.0,1475.0,1532,262280,4
7,1536,532.0,2.0,1536.0,1536,214000,4
6,1811,470.0,2.0,1073.0,1811,230000,3
7,2172,947.0,3.0,1063.0,1071,280000,5
4,1073,720.0,2.0,1073.0,1073,140000,3
6,1839,442.0,2.0,756.0,1051,155000,3
3,1020,0.0,0.0,1020.0,1020,64500,3
6,1802,1017.0,4.0,946.0,964,218000,4
5,1009,576.0,2.0,995.0,1009,160000,3
8,1338,598.0,2.0,1338.0,1338,208900,4
7,1392,540.0,2.0,689.0,703,146000,4
8,1288,500.0,2.0,1260.0,1288,245500,4
6,1013,160.0,1.0,992.0,1013,113000,3
8,1782,932.0,3.0,1782.0,1782,296000,5
9,1922,676.0,3.0,1922.0,1922,377426,5
10,1718,786.0,3.0,1700.0,1718,337500,5
10,2492,949.0,3.0,2492.0,2492,552000,5
4,936,265.0,1.0,624.0,624,97900,2
6,1218,676.0,2.0,1218.0,1218,208300,4
7,1820,816.0,3.0,910.0,910,213000,4
7,1724,527.0,2.0,880.0,880,188000,4
6,1336,488.0,2.0,1121.0,1336,162000,3
5,1558,282.0,1.0,910.0,910,152000,3
7,1947,678.0,2.0,991.0,991,254900,4
7,1657,483.0,2.0,832.0,832,189000,4
7,2064,550.0,2.0,2048.0,2064,235000,4
5,1164,240.0,1.0,1164.0,1164,125000,3
7,836,308.0,1.0,836.0,836,120000,4
1,1600,270.0,1.0,0.0,1600,81500,0
6,816,0.0,0.0,816.0,816,118500,4
9,1766,478.0,3.0,1766.0,1766,370878,5
5,2002,871.0,3.0,1001.0,1001,145000,3
7,1954,431.0,2.0,798.0,1137,311500,3
7,1364,437.0,2.0,1220.0,1364,210250,4
7,1861,492.0,2.0,916.0,920,200000,4
5,1734,539.0,2.0,0.0,1302,126000,0
4,1039,281.0,1.0,405.0,717,114000,2
4,1510,720.0,2.0,677.0,833,87500,2
8,2541,729.0,3.0,1149.0,1164,349265,5
8,1512,845.0,3.0,1512.0,1512,203000,4
7,1434,527.0,2.0,1454.0,1434,189000,4
7,1653,628.0,2.0,812.0,812,209000,4
6,2007,357.0,1.0,917.0,1090,160000,2
5,1037,431.0,2.0,1037.0,1037,129000,2
5,1389,418.0,2.0,1389.0,1389,170000,4
5,694,352.0,1.0,440.0,694,90350,3
6,1096,0.0,0.0,572.0,572,79000,3
5,894,552.0,2.0,894.0,894,149900,3
5,864,576.0,2.0,864.0,864,123000,4
4,1774,779.0,3.0,1095.0,1095,87000,3
6,1118,358.0,1.0,1096.0,1118,171000,3
6,1252,288.0,1.0,1032.0,1032,119000,3
5,1148,672.0,1.0,1148.0,1148,132500,3
8,1666,228.0,1.0,588.0,833,161000,3
9,1947,725.0,3.0,1357.0,1366,274000,4
5,912,336.0,1.0,912.0,912,125000,3
5,1195,0.0,0.0,1195.0,1195,98500,3
8,1624,757.0,3.0,1624.0,1624,262000,4
5,914,444.0,2.0,914.0,914,134900,3
5,1328,308.0,1.0,1350.0,1328,170000,3
6,1461,225.0,1.0,686.0,686,135000,3
6,2683,473.0,2.0,930.0,1364,290000,4
7,1258,462.0,2.0,1246.0,1258,173500,4
5,2008,230.0,1.0,896.0,1112,225000,3
5,1187,440.0,2.0,864.0,1187,140500,3
5,990,299.0,1.0,990.0,990,126000,4
8,1586,480.0,2.0,960.0,962,170000,4
5,990,576.0,2.0,990.0,990,156000,4
5,1600,319.0,1.0,1484.0,1600,207500,3
8,1792,590.0,2.0,896.0,896,255000,4
4,988,297.0,1.0,462.0,526,94900,4
5,1170,338.0,1.0,1170.0,1170,140000,3
3,1376,216.0,1.0,738.0,714,96900,3
5,1154,480.0,2.0,1154.0,1154,154000,3
8,1772,816.0,2.0,725.0,909,184900,3
10,2084,1220.0,3.0,2078.0,2084,385000,5
4,951,327.0,1.0,951.0,951,106500,3
8,2687,810.0,3.0,1455.0,1466,327000,4
9,2490,795.0,3.0,2458.0,2490,468000,5
6,1666,384.0,1.0,1204.0,1204,135000,3
6,1141,484.0,2.0,1141.0,1141,142500,4
5,1464,470.0,2.0,732.0,732,141000,3
5,1347,0.0,0.0,1117.0,820,107500,4
5,1282,240.0,1.0,672.0,778,108500,3
6,1320,472.0,2.0,636.0,636,150000,4
3,936,0.0,0.0,216.0,576,78000,2
8,1580,830.0,3.0,1580.0,1580,235128,4
7,1824,739.0,2.0,1643.0,1824,302000,4
5,1558,440.0,2.0,864.0,1558,163000,3
3,640,240.0,1.0,0.0,640,84900,0
6,1322,440.0,2.0,855.0,855,147000,3
7,1826,164.0,1.0,910.0,916,155000,3
7,1339,484.0,2.0,1309.0,1339,180000,4
4,1092,0.0,0.0,0.0,372,55000,0
7,1146,438.0,2.0,868.0,1146,187500,5
6,1125,352.0,1.0,1041.0,1125,125000,3
7,2057,180.0,1.0,1017.0,1020,250000,4
5,899,200.0,1.0,481.0,899,78000,3
4,1594,0.0,0.0,828.0,828,118000,3
8,1694,818.0,3.0,1694.0,1694,318000,5
8,1911,471.0,2.0,777.0,1065,215000,4
4,672,0.0,0.0,432.0,672,72000,2
6,1523,478.0,2.0,1193.0,1523,180000,4
6,1651,616.0,2.0,1606.0,1651,184000,4
5,1041,270.0,1.0,1041.0,1041,124500,3
5,1604,576.0,2.0,1604.0,1604,135000,3
6,1672,240.0,1.0,981.0,1014,164900,3
7,1164,528.0,2.0,1164.0,1164,140000,3
5,1041,294.0,1.0,1041.0,1041,128000,3
6,1034,504.0,2.0,450.0,1034,153000,4
6,1609,228.0,1.0,796.0,825,127500,4
5,1337,264.0,1.0,572.0,1337,141500,3
8,2622,712.0,2.0,1463.0,1500,325000,5
7,1594,472.0,2.0,1594.0,1594,188500,4
6,1262,572.0,2.0,1262.0,1262,185000,4
6,1175,0.0,0.0,1175.0,1175,146000,4
6,1288,280.0,1.0,624.0,664,119000,3
5,1302,280.0,1.0,630.0,630,112000,3
8,1247,550.0,2.0,1247.0,1247,197000,4
9,2589,831.0,3.0,1738.0,1738,412083,5
8,1689,857.0,3.0,1568.0,1689,271000,4
7,1405,478.0,2.0,1405.0,1405,200000,4
7,1324,585.0,2.0,1228.0,1324,174000,4
5,1377,351.0,1.0,1377.0,1377,156500,3
6,1756,422.0,2.0,872.0,888,204000,5
5,1228,271.0,1.0,1228.0,1228,149350,3
5,1008,275.0,1.0,1008.0,1008,137000,3
7,2031,541.0,2.0,1153.0,1153,222500,4
6,1504,440.0,2.0,752.0,752,166000,4
5,936,0.0,0.0,936.0,936,109500,3
4,1383,498.0,2.0,0.0,1383,122000,0
5,967,180.0,1.0,967.0,967,99900,3
8,1656,826.0,3.0,1656.0,1656,249700,4
6,1152,300.0,1.0,1092.0,1152,158500,3
6,1142,0.0,0.0,1142.0,1142,139500,3
6,1403,470.0,2.0,1381.0,1403,202000,4
5,1712,588.0,2.0,1626.0,1712,145000,3
4,1258,400.0,2.0,1198.0,1258,108959,4
5,1687,572.0,2.0,747.0,1687,160000,3
5,1560,484.0,2.0,1560.0,1560,128600,3
7,1935,550.0,2.0,793.0,1142,197900,4
7,1083,596.0,2.0,1047.0,1083,172000,5
5,907,308.0,1.0,876.0,907,130000,4
6,1675,435.0,2.0,1666.0,1675,195000,5
5,988,520.0,2.0,988.0,988,113000,3
8,1491,490.0,2.0,1491.0,1491,209000,5
7,1479,578.0,2.0,1645.0,1479,213500,4
5,1112,480.0,2.0,631.0,1112,126000,3
6,1689,480.0,2.0,1436.0,1689,127500,3
9,1710,557.0,2.0,1710.0,1710,334000,5
6,1253,352.0,1.0,1253.0,1253,157000,3
5,864,294.0,1.0,864.0,864,125500,3
7,1456,410.0,2.0,728.0,728,189000,4
7,1217,497.0,2.0,1188.0,1217,173000,4
7,2646,550.0,2.0,1748.0,2151,260000,4
8,1768,578.0,2.0,866.0,866,212000,4
5,914,576.0,2.0,870.0,914,148000,4
6,1775,480.0,2.0,533.0,1131,136300,3
5,2620,600.0,2.0,1361.0,1361,190000,4
5,1627,420.0,2.0,797.0,830,139500,2
7,1320,400.0,2.0,660.0,660,162000,4
4,1123,264.0,1.0,732.0,772,100000,3
5,874,288.0,1.0,864.0,874,126500,3
7,2730,576.0,2.0,1502.0,1553,301000,3
6,1786,684.0,2.0,824.0,905,204750,4
4,1040,420.0,2.0,0.0,1040,90000,0
5,2350,393.0,2.0,973.0,1377,130000,3
5,1770,530.0,2.0,900.0,884,155000,4
5,1269,308.0,1.0,1269.0,1269,155000,3
5,1039,504.0,2.0,1039.0,1039,131500,3
6,1520,364.0,1.0,1156.0,1520,153000,3
8,1704,772.0,3.0,1704.0,1704,306000,5
9,1686,899.0,3.0,1686.0,1686,332200,5
8,1646,800.0,3.0,1638.0,1646,293077,4
4,914,270.0,1.0,914.0,914,128000,3
6,1616,216.0,1.0,1149.0,1149,152000,3
4,1192,0.0,0.0,720.0,720,135000,3
6,2210,205.0,1.0,1008.0,1178,117500,3
6,1296,576.0,2.0,845.0,866,127500,3
8,2497,676.0,2.0,2461.0,2497,373000,4
6,1092,0.0,0.0,546.0,546,98000,3
7,1652,473.0,2.0,423.0,896,203135,4
7,1716,512.0,2.0,880.0,909,191000,4
5,1014,267.0,1.0,0.0,1014,98000,0
5,1200,0.0,0.0,1200.0,1200,179000,4
8,1432,492.0,2.0,1422.0,1432,245000,5
7,1680,583.0,2.0,1650.0,1680,213250,5
4,869,390.0,1.0,0.0,869,89900,0
7,1718,427.0,2.0,832.0,885,185000,4
6,1092,264.0,1.0,525.0,525,113500,3
3,715,660.0,2.0,715.0,715,68000,3
7,1560,573.0,2.0,1560.0,1560,201000,5
7,1768,603.0,2.0,866.0,866,226700,4
10,2290,1174.0,3.0,2320.0,2290,500067,5
7,1598,433.0,2.0,848.0,848,201490,4
5,990,528.0,2.0,990.0,990,155000,4
5,941,564.0,2.0,941.0,941,145000,4
6,1362,502.0,2.0,611.0,751,128000,2
6,1690,442.0,2.0,915.0,940,187000,4
6,1072,525.0,2.0,547.0,1072,145500,4
4,572,200.0,1.0,572.0,572,75000,3
7,1546,796.0,3.0,1546.0,1546,217000,4
7,1346,660.0,3.0,1336.0,1346,220000,4
6,1790,484.0,2.0,732.0,1012,165150,3
6,1026,576.0,2.0,940.0,1026,147000,4
7,1504,478.0,2.0,1504.0,1504,203000,4
5,1700,447.0,2.0,1398.0,1700,165500,3
3,864,0.0,0.0,864.0,864,67000,3
6,1851,440.0,2.0,822.0,1020,187000,3
6,1512,440.0,2.0,756.0,756,180000,4
6,1298,240.0,1.0,651.0,759,146500,3
7,1673,583.0,2.0,1673.0,1673,270000,3
6,996,564.0,2.0,936.0,996,147000,4
6,1224,280.0,1.0,816.0,816,132000,3
4,1374,338.0,1.0,840.0,840,105000,3
5,1716,0.0,0.0,780.0,936,135900,3
8,3279,841.0,3.0,1650.0,1690,538000,4
7,1143,0.0,0.0,1143.0,1143,147000,4
9,1652,840.0,2.0,1652.0,1652,325000,5
5,1054,240.0,1.0,1046.0,1054,124000,3
5,935,288.0,1.0,935.0,935,137000,3
4,2377,528.0,2.0,1313.0,1313,142900,3
5,1122,528.0,2.0,924.0,1122,147000,3
5,1180,477.0,2.0,1180.0,1180,128000,3
7,1690,225.0,1.0,815.0,815,144000,3
8,1370,484.0,2.0,1370.0,1370,205000,4
5,1486,480.0,2.0,1486.0,1486,167000,3
5,1131,200.0,1.0,676.0,676,66500,3
8,2799,704.0,3.0,1286.0,1565,315000,4
7,1456,440.0,2.0,728.0,728,155835,4
8,1734,528.0,2.0,1587.0,1734,239500,4
9,1531,700.0,3.0,1504.0,1531,300000,5
8,1922,692.0,3.0,1922.0,1922,282000,4
5,1144,336.0,1.0,1144.0,1144,120000,3
7,1363,439.0,2.0,1385.0,1363,241500,4
9,1866,870.0,3.0,1858.0,1866,336860,4
3,1077,210.0,1.0,1007.0,1077,91000,3
8,1550,528.0,2.0,1550.0,1550,207500,4
7,1646,482.0,2.0,1594.0,1646,250000,5
7,1248,438.0,2.0,1248.0,1248,167240,4
7,1245,495.0,2.0,1235.0,1245,178000,4
6,1052,311.0,1.0,1052.0,1052,127000,3
6,1829,535.0,2.0,1829.0,1829,218500,3
4,952,283.0,1.0,952.0,952,135750,3
7,1480,620.0,2.0,1480.0,1480,214000,4
8,1844,620.0,2.0,1844.0,1844,257000,4
6,1497,672.0,1.0,825.0,825,157000,3
5,976,215.0,1.0,976.0,976,102000,3
5,964,432.0,2.0,876.0,964,163500,4
7,1501,577.0,2.0,1490.0,1501,204000,4
5,1560,313.0,1.0,1150.0,1560,103500,3
6,3395,0.0,0.0,1440.0,1440,200000,3
5,864,399.0,1.0,864.0,864,118000,3
7,1525,541.0,2.0,1525.0,1525,235000,4
5,1190,540.0,2.0,1106.0,1190,132500,3
8,1830,859.0,3.0,1302.0,1302,221300,4
7,1500,570.0,2.0,1500.0,1500,190000,4
7,1762,591.0,2.0,826.0,878,222000,4
7,1902,567.0,2.0,1902.0,1902,335000,4
8,1658,726.0,3.0,1614.0,1658,257500,4
9,1506,592.0,2.0,1498.0,1506,264132,4
5,899,288.0,1.0,864.0,899,130000,3
5,1654,336.0,1.0,297.0,1001,137000,3
5,912,360.0,1.0,520.0,912,99500,3
5,1373,591.0,2.0,1319.0,1373,160250,4
7,1709,380.0,2.0,970.0,970,130000,4
5,816,100.0,1.0,816.0,816,75200,3
6,1091,429.0,1.0,384.0,1091,131250,4
6,1081,401.0,1.0,1081.0,1081,148000,3
5,1020,288.0,1.0,1024.0,1020,124100,3
7,999,588.0,2.0,944.0,999,178400,3
4,1440,0.0,0.0,1440.0,1440,150000,4
7,1753,534.0,2.0,853.0,853,217000,4
8,1964,760.0,2.0,1100.0,1116,252000,4
7,1141,484.0,2.0,1141.0,1141,152000,4
7,854,576.0,2.0,832.0,854,132000,3
6,1182,378.0,1.0,770.0,885,120000,2
9,2091,521.0,2.0,1606.0,1625,338500,5
4,985,676.0,2.0,576.0,985,105000,3
7,1446,406.0,2.0,729.0,729,175000,4
7,2022,505.0,2.0,1160.0,1156,192000,4
7,1948,434.0,2.0,847.0,847,195000,4
8,1590,676.0,2.0,768.0,786,210000,4
7,1948,434.0,2.0,847.0,847,211000,4
4,1324,240.0,1.0,672.0,757,128000,3
6,1425,576.0,2.0,1425.0,1425,180500,3
5,2337,560.0,2.0,662.0,1422,90000,3
5,908,512.0,2.0,822.0,908,138500,3
7,1492,440.0,2.0,738.0,738,169985,4
5,1150,288.0,1.0,1150.0,1150,146000,3
7,2097,678.0,3.0,1080.0,1080,228000,4
5,1256,311.0,1.0,1256.0,1256,159000,3
8,1939,1053.0,3.0,1095.0,1095,266000,4
5,1566,450.0,2.0,816.0,816,139000,3
4,784,0.0,0.0,784.0,784,91900,3
8,1500,674.0,2.0,1489.0,1500,212999,4
9,1850,772.0,3.0,1833.0,1850,326000,5
6,1515,393.0,2.0,789.0,813,179000,4
8,1537,788.0,3.0,1518.0,1537,294000,5
6,987,288.0,1.0,483.0,483,97000,3
7,1962,868.0,3.0,1391.0,1391,239799,4
5,1433,441.0,2.0,1251.0,1433,161000,3
6,848,420.0,2.0,848.0,848,136500,4
6,987,264.0,1.0,483.0,483,118000,3
4,845,360.0,2.0,845.0,845,129500,3
7,1548,672.0,2.0,952.0,952,205000,3
6,2515,484.0,2.0,2035.0,2515,200624,3
8,1694,856.0,3.0,1694.0,1694,322400,5
8,1602,810.0,3.0,1578.0,1602,293200,4
9,1684,564.0,2.0,1684.0,1684,266000,5
6,1683,440.0,2.0,918.0,918,172500,3
5,1869,456.0,2.0,1088.0,1188,124900,3
6,1432,216.0,1.0,1022.0,1432,149000,3
7,1414,494.0,2.0,1414.0,1414,185500,4
8,1358,418.0,2.0,1348.0,1358,220000,4
8,1496,474.0,2.0,1496.0,1496,225000,4
6,932,306.0,1.0,932.0,932,124000,3
3,1040,400.0,2.0,0.0,1040,92900,0
5,1072,1184.0,5.0,1072.0,1072,126500,3
4,864,576.0,2.0,864.0,864,111250,3
8,2285,648.0,3.0,969.0,997,248000,4
5,1117,264.0,1.0,1117.0,1117,136870,3
6,848,420.0,2.0,848.0,848,133000,4
5,1048,286.0,1.0,1048.0,1048,135000,3
4,936,288.0,1.0,936.0,936,111900,4
5,1283,506.0,2.0,931.0,1283,140000,3
4,1588,680.0,2.0,0.0,1120,134432,0
10,2042,724.0,3.0,1742.0,2042,455000,5
8,2526,844.0,3.0,1165.0,1203,290000,4
7,1873,597.0,2.0,988.0,988,235500,4
6,1416,400.0,2.0,780.0,940,156500,3
6,1664,460.0,2.0,953.0,953,172400,4
7,1428,480.0,2.0,1428.0,1428,182000,4
9,1792,925.0,3.0,1792.0,1792,372397,5
6,2814,614.0,2.0,1077.0,1093,260000,4
5,819,0.0,0.0,610.0,819,72000,3
3,1344,0.0,0.0,536.0,808,82375,3
6,2119,583.0,2.0,689.0,1378,158000,3
5,1285,240.0,1.0,672.0,1072,127000,3
7,1433,528.0,2.0,1433.0,1433,270000,4
8,2132,612.0,2.0,1496.0,1496,316600,4
6,1357,312.0,1.0,1019.0,1357,177000,3
7,2196,701.0,3.0,2158.0,2196,271900,4
5,1304,336.0,1.0,264.0,616,115000,4
8,2358,0.0,0.0,684.0,938,122000,3
8,2726,691.0,2.0,279.0,2726,315000,4
7,1797,639.0,2.0,939.0,939,213500,4
5,1040,625.0,2.0,0.0,1040,109500,0
5,789,250.0,1.0,789.0,789,115000,3
7,1143,588.0,2.0,1143.0,1143,176400,4
6,1489,462.0,2.0,1489.0,1489,185750,3
8,1852,660.0,3.0,1004.0,1004,230000,4
4,960,0.0,0.0,960.0,960,90000,3
10,5642,1418.0,2.0,6110.0,4692,160000,5
5,768,624.0,2.0,768.0,768,129500,4
6,1124,353.0,1.0,1124.0,1124,153000,3
6,1224,528.0,2.0,612.0,612,173733,4
6,1100,0.0,0.0,1100.0,1100,146000,4
6,1556,470.0,2.0,782.0,1019,172500,3
6,1356,528.0,2.0,1244.0,1356,188000,4
6,1262,460.0,2.0,1262.0,1262,181500,4
7,1661,550.0,2.0,799.0,827,212000,4
7,1857,482.0,2.0,945.0,945,188900,3
3,666,0.0,0.0,666.0,666,64500,2
6,1981,522.0,2.0,1117.0,1117,230000,4
5,1351,576.0,2.0,901.0,901,122000,3
5,1005,319.0,1.0,1005.0,1005,133500,3
6,2792,520.0,2.0,1510.0,1584,256000,4
5,1475,336.0,1.0,550.0,925,129500,4
8,1978,850.0,3.0,1978.0,1978,318000,4
8,1606,871.0,3.0,1598.0,1606,255900,4
6,1158,0.0,0.0,1158.0,1158,143500,4
8,1822,678.0,3.0,1822.0,1822,259000,5
6,2259,450.0,2.0,1809.0,2259,217000,4
6,1635,440.0,2.0,1065.0,915,210000,4
5,1002,902.0,2.0,1002.0,1002,148500,3
6,1412,432.0,2.0,616.0,616,156932,4
5,1728,576.0,2.0,1728.0,1728,145000,3
7,1290,662.0,2.0,1282.0,1290,200000,4
10,2046,878.0,3.0,1994.0,2046,450000,5
6,1471,440.0,2.0,729.0,742,172500,4
6,2614,624.0,2.0,1522.0,1548,240000,3
8,2466,610.0,2.0,1580.0,1580,340000,4
8,1466,610.0,3.0,1466.0,1466,201000,4
5,969,440.0,2.0,969.0,969,122000,3
7,1664,663.0,2.0,1529.0,1664,213000,4
6,1691,550.0,2.0,1680.0,1691,175000,3
7,1208,628.0,2.0,1208.0,1208,195400,4
5,1052,668.0,1.0,1052.0,1052,113500,3
6,1577,312.0,1.0,972.0,972,140200,3
5,909,294.0,1.0,882.0,909,116000,3
9,1838,682.0,3.0,1838.0,1838,359900,4
6,1388,317.0,1.0,675.0,686,157500,4
5,1867,303.0,1.0,1617.0,1867,190000,3
5,1301,440.0,2.0,1145.0,1301,100000,3
6,1251,461.0,1.0,1251.0,1251,160000,3
7,1444,577.0,2.0,1431.0,1444,203000,4
8,2810,750.0,2.0,1453.0,1453,302000,5
6,923,264.0,1.0,923.0,923,143000,4
8,2452,683.0,2.0,1028.0,1210,267000,4
4,1224,530.0,3.0,0.0,1224,103000,0
6,1337,405.0,2.0,1237.0,1337,153500,5
5,1701,611.0,2.0,1390.0,1701,171000,4
4,1669,288.0,1.0,1093.0,1093,107000,3
6,952,288.0,1.0,952.0,952,128500,3
5,922,308.0,1.0,922.0,922,116000,3
5,1126,484.0,2.0,1126.0,1126,160000,3
8,1280,506.0,2.0,1280.0,1280,180000,4
5,914,368.0,1.0,914.0,914,133000,3
7,1368,784.0,4.0,1288.0,1368,215000,4
6,1494,213.0,1.0,771.0,753,177500,3
8,1534,484.0,2.0,1524.0,1534,215000,4
5,1582,250.0,1.0,952.0,994,150000,3
7,3222,594.0,3.0,1673.0,1699,320000,4
6,1516,472.0,2.0,1516.0,1516,167000,3
5,1032,260.0,1.0,0.0,1032,125000,0
3,1588,0.0,0.0,448.0,1588,65000,2
7,1316,440.0,2.0,1316.0,1316,200141,4
7,1528,480.0,2.0,1528.0,1528,235876,4
5,2168,576.0,2.0,760.0,928,123000,3
5,1422,288.0,1.0,806.0,1081,137500,3
4,990,0.0,0.0,990.0,990,123600,4
6,1324,440.0,2.0,1088.0,1324,160000,3
6,1690,463.0,2.0,924.0,948,181000,4
5,825,720.0,2.0,825.0,825,125000,3
6,1556,441.0,2.0,727.0,829,154000,3
6,1797,616.0,2.0,1152.0,1152,231000,4
5,1056,304.0,1.0,1056.0,1056,142000,3
10,3608,840.0,3.0,1107.0,1518,475000,3
8,1778,495.0,2.0,1573.0,1778,375000,5
4,864,0.0,0.0,864.0,864,115000,3
7,1221,400.0,2.0,1221.0,1221,185000,4
6,865,216.0,1.0,660.0,740,108500,3
7,1223,480.0,2.0,600.0,520,147400,4
7,1452,506.0,2.0,691.0,713,156000,4
5,1308,400.0,2.0,880.0,880,120000,3
7,1374,400.0,2.0,384.0,744,167000,4
7,1504,437.0,2.0,1346.0,1504,191000,4
6,1384,390.0,2.0,384.0,754,161500,4
5,1411,310.0,1.0,1204.0,1411,130000,3
5,970,624.0,2.0,970.0,970,132500,3
5,904,912.0,3.0,864.0,904,144000,4
5,2233,579.0,2.0,0.0,1100,141000,0
4,875,728.0,2.0,385.0,875,117000,3
6,754,0.0,0.0,520.0,520,84500,3
4,1663,529.0,2.0,1364.0,1663,256000,4
5,925,429.0,1.0,925.0,925,117500,3
5,1308,256.0,1.0,728.0,976,160000,3
5,1375,323.0,1.0,1240.0,1375,187000,3
8,2385,818.0,3.0,1317.0,1217,350000,5
5,1792,480.0,2.0,896.0,896,133000,4
8,2464,650.0,3.0,2418.0,2464,417500,5
7,1569,660.0,3.0,1386.0,1569,175900,4
9,1680,1138.0,3.0,1555.0,1680,323262,5
7,1337,531.0,2.0,1337.0,1337,185000,4
6,816,240.0,1.0,816.0,816,129800,3
7,1541,532.0,2.0,1541.0,1541,220000,4
4,1573,240.0,1.0,884.0,989,133000,3
4,1461,384.0,1.0,832.0,832,133500,3
6,2048,776.0,2.0,1958.0,2048,170000,3
6,1642,392.0,2.0,903.0,910,168000,4
6,1470,624.0,2.0,738.0,868,140750,2
6,2299,482.0,2.0,938.0,957,204000,4
7,2035,434.0,2.0,884.0,884,222500,4
5,999,300.0,1.0,925.0,999,134500,3
8,1378,540.0,2.0,1378.0,1378,214000,4
5,1118,410.0,2.0,793.0,793,119900,4
4,1440,0.0,0.0,1440.0,1440,118000,3
5,1134,254.0,1.0,1010.0,1134,135000,3
6,1848,370.0,2.0,833.0,1053,207000,3
6,1694,576.0,2.0,1181.0,1390,136500,3
4,901,281.0,1.0,901.0,901,107900,3
6,1409,528.0,2.0,861.0,861,126000,3
6,1656,528.0,2.0,1080.0,1656,215000,3
10,2332,846.0,3.0,1682.0,1742,426000,5
5,1113,264.0,1.0,1113.0,1113,147000,3
6,1232,440.0,2.0,816.0,1232,147500,3
9,1950,706.0,3.0,1950.0,1950,383000,5
7,1872,604.0,2.0,1845.0,1872,241500,4
6,1264,400.0,2.0,676.0,676,147500,4
8,2500,683.0,3.0,1168.0,1168,355000,5
5,784,0.0,0.0,784.0,784,109500,3
2,612,308.0,1.0,0.0,612,45000,0
7,2403,349.0,1.0,1032.0,1207,244400,3
6,1644,418.0,2.0,1416.0,1644,167000,3
7,1729,542.0,2.0,860.0,860,200000,4
5,879,180.0,1.0,830.0,879,80000,3
5,864,572.0,2.0,864.0,864,115000,3
6,1196,297.0,1.0,1196.0,1196,139000,4
6,1400,440.0,2.0,672.0,672,149500,3
4,1510,296.0,1.0,755.0,755,108000,3
4,1294,0.0,0.0,0.0,694,106250,0
7,1240,826.0,3.0,1240.0,1240,194000,4
5,988,624.0,2.0,988.0,988,129500,3
5,1560,792.0,3.0,1560.0,1560,126000,3
5,1368,195.0,1.0,1078.0,1368,120000,2
7,1484,606.0,2.0,1473.0,1484,213000,4
8,1226,484.0,2.0,1226.0,1226,190000,4
6,1169,402.0,2.0,1160.0,1169,183500,4
7,1651,276.0,1.0,725.0,1035,172000,3
4,816,288.0,1.0,816.0,816,100000,3
7,1564,814.0,3.0,1564.0,1564,218836,4
6,1912,672.0,2.0,482.0,1221,163000,2
7,1525,534.0,2.0,1510.0,1525,206580,4
6,1456,390.0,2.0,728.0,728,163990,4
5,1330,390.0,1.0,396.0,665,116500,2
7,1720,400.0,2.0,840.0,840,188000,4
5,1280,432.0,2.0,793.0,1280,175000,3
8,1179,480.0,2.0,1166.0,1179,182000,4
5,960,576.0,2.0,850.0,960,103000,3
10,2633,804.0,3.0,2633.0,2633,466500,5
6,988,297.0,1.0,988.0,988,149500,3
7,1055,319.0,1.0,1061.0,1055,142500,4
5,1422,352.0,1.0,1290.0,1422,136500,3
6,1320,484.0,2.0,630.0,630,137000,4
7,1688,528.0,2.0,1675.0,1688,226500,4
7,1341,506.0,2.0,1300.0,1341,171500,4
5,954,576.0,2.0,911.0,954,132500,3
3,1040,400.0,2.0,0.0,1040,87500,0
7,1789,546.0,2.0,858.0,872,223000,3
6,1537,462.0,2.0,1319.0,1537,174000,3
5,884,270.0,1.0,884.0,884,142000,3
8,1489,776.0,2.0,1489.0,1489,232600,4
6,1309,484.0,2.0,1040.0,1309,181000,3
6,2521,576.0,2.0,942.0,1291,151400,4
8,1634,866.0,3.0,1626.0,1634,250000,4
7,1714,496.0,2.0,980.0,980,196500,4
7,2454,576.0,2.0,819.0,1312,185000,3
6,1216,336.0,1.0,1216.0,1216,113000,3
8,1419,567.0,2.0,1419.0,1419,392000,4
6,980,0.0,0.0,945.0,980,127500,4
6,1573,440.0,2.0,756.0,769,177000,4
6,2443,744.0,3.0,1158.0,1158,265000,4
8,2362,1105.0,2.0,1220.0,1220,312500,5
10,2775,880.0,2.0,1237.0,1521,325000,3
8,2014,864.0,3.0,2014.0,2014,275000,4
7,2520,721.0,3.0,1203.0,1214,290000,4
6,1494,461.0,2.0,1208.0,1494,169000,3
5,616,205.0,1.0,616.0,616,89000,3
6,1465,393.0,2.0,789.0,789,180400,4
8,1629,880.0,3.0,3206.0,1629,284000,4
5,912,275.0,1.0,912.0,912,114500,3
7,1552,782.0,3.0,1552.0,1552,212900,4
7,1430,605.0,2.0,1413.0,1430,187100,4
6,1458,440.0,2.0,729.0,729,176000,4
6,1488,552.0,2.0,1488.0,1488,215000,4
7,1582,520.0,2.0,770.0,770,185900,4
4,864,660.0,2.0,864.0,864,120500,3
5,1838,372.0,2.0,732.0,734,192140,4
5,816,264.0,1.0,816.0,816,130500,3
4,1529,240.0,1.0,0.0,1088,98000,0
9,2276,1348.0,3.0,2271.0,2276,475000,4
5,1077,338.0,1.0,961.0,1077,67000,2
8,2161,789.0,3.0,1582.0,1610,325624,5
7,1409,576.0,2.0,1409.0,1409,245000,4
5,1114,576.0,2.0,1114.0,1114,159000,3
5,1073,515.0,2.0,1073.0,1073,156000,3
10,2402,672.0,3.0,3094.0,2402,555000,5
6,1232,516.0,2.0,1232.0,1232,162500,4
6,1440,920.0,4.0,1344.0,1440,224500,4
6,1488,738.0,2.0,1488.0,1488,133000,3
7,1509,393.0,2.0,783.0,807,180000,4
5,845,264.0,1.0,845.0,845,134500,3
10,2945,641.0,3.0,1410.0,1426,438780,5
6,1431,296.0,1.0,1099.0,1431,165000,4
5,892,288.0,1.0,892.0,892,100000,3
7,1329,441.0,2.0,1329.0,1329,176000,3
5,1779,454.0,2.0,1763.0,1779,170000,3
7,1555,660.0,3.0,1373.0,1555,174000,4
6,1236,384.0,1.0,768.0,788,127000,3
7,1651,450.0,2.0,831.0,873,185900,4
5,886,273.0,1.0,190.0,886,91300,2
6,1700,544.0,2.0,1682.0,1700,200000,4
6,1846,315.0,1.0,1040.0,1168,143000,3
5,1920,451.0,2.0,1052.0,1252,172500,3
4,1088,520.0,2.0,1088.0,1088,110000,3
4,1362,768.0,3.0,1040.0,1362,140000,3
6,1314,440.0,2.0,1314.0,1314,176432,4
6,1294,496.0,2.0,1278.0,1294,179200,4
7,1274,508.0,2.0,1274.0,1274,203000,4
7,1689,954.0,3.0,1689.0,1689,248328,4
9,1641,885.0,3.0,1641.0,1641,316500,5
7,1079,249.0,1.0,570.0,617,125600,3
5,984,308.0,1.0,984.0,984,110000,3
4,960,308.0,1.0,960.0,960,108500,3
5,1044,504.0,2.0,540.0,1044,55993,3
5,1633,240.0,1.0,1027.0,1027,129000,3
6,1137,551.0,2.0,1112.0,1137,176000,4
6,1380,364.0,1.0,1380.0,1380,154000,3
6,1256,578.0,2.0,1256.0,1256,180000,4
5,1142,528.0,2.0,1142.0,1142,134000,4
6,2158,576.0,2.0,1202.0,2158,243000,3
8,1629,808.0,3.0,1616.0,1629,270000,4
6,1080,484.0,2.0,1084.0,1080,134000,3
7,2646,656.0,3.0,1347.0,1372,260000,4
7,1491,484.0,2.0,738.0,738,168675,4
6,1694,398.0,2.0,392.0,924,160000,4
5,1080,0.0,0.0,684.0,684,95000,2
6,1422,440.0,2.0,704.0,704,173000,4
7,1301,572.0,2.0,1293.0,1301,187750,4
7,2093,542.0,2.0,791.0,1236,215000,4
5,1073,270.0,1.0,1073.0,1073,120000,3
7,1506,672.0,2.0,1494.0,1506,249000,4
7,1334,477.0,2.0,1334.0,1334,164500,3
7,1295,312.0,1.0,0.0,1295,230000,0
7,1344,456.0,2.0,672.0,672,140000,3
5,732,240.0,1.0,732.0,732,118900,3
8,1468,904.0,3.0,1468.0,1468,239900,4
6,1069,440.0,2.0,1069.0,1069,146300,4
5,1040,499.0,2.0,1040.0,1040,124000,4
5,999,308.0,1.0,925.0,999,130000,4
7,1349,539.0,2.0,1349.0,1349,179000,4
7,1442,500.0,2.0,1424.0,1442,180500,4
4,747,220.0,1.0,747.0,747,80000,3
8,1578,840.0,3.0,1573.0,1578,287090,4
5,882,308.0,1.0,0.0,882,97000,0
7,1511,398.0,2.0,1368.0,1511,246990,4
6,1128,480.0,2.0,1302.0,1128,154204,3
7,1312,495.0,2.0,1312.0,1312,186000,3
5,1302,264.0,1.0,630.0,630,111750,3
9,2696,958.0,3.0,2846.0,2696,500000,5
7,1356,484.0,2.0,628.0,628,177439,4
9,2184,836.0,3.0,1104.0,1130,335000,5
7,1964,483.0,2.0,803.0,1098,205000,3
8,1321,484.0,2.0,1312.0,1321,212000,4
8,1646,525.0,2.0,1594.0,1646,246000,5
7,1260,598.0,2.0,1260.0,1260,181900,4
5,1316,484.0,2.0,926.0,926,130000,3
5,1432,360.0,2.0,264.0,768,132000,2
7,1958,499.0,2.0,779.0,1029,220000,4
8,1788,522.0,2.0,1753.0,1788,236500,4
8,1935,552.0,2.0,832.0,832,263435,4
6,1969,400.0,2.0,1272.0,1272,141000,3
7,1986,434.0,2.0,847.0,847,213000,4
7,1214,520.0,2.0,1214.0,1214,179781,4
8,1342,550.0,2.0,1342.0,1342,234250,4
8,2898,665.0,2.0,1565.0,2898,287000,4
8,2004,644.0,3.0,870.0,878,257500,5
6,986,180.0,1.0,960.0,986,102000,3
7,1108,280.0,1.0,637.0,1108,139400,3
3,1214,936.0,3.0,672.0,694,105000,3
8,2217,621.0,2.0,2217.0,2217,268000,3
6,2201,432.0,2.0,697.0,1575,274970,4
7,1220,397.0,2.0,1220.0,1220,180000,4
7,1378,360.0,2.0,689.0,689,161000,3
4,930,308.0,1.0,0.0,930,84900,0
5,988,264.0,1.0,988.0,988,119000,3
8,1964,892.0,3.0,1964.0,1964,370000,5
7,1270,524.0,2.0,1270.0,1270,175900,4
5,2240,528.0,2.0,0.0,1120,142953,0
8,1494,478.0,2.0,1494.0,1494,279700,4
5,1364,331.0,1.0,1179.0,1364,132000,2
9,2153,736.0,3.0,1440.0,1476,313000,5
4,1336,570.0,1.0,637.0,897,108000,3
7,1656,397.0,2.0,746.0,760,165400,4
6,1499,473.0,2.0,781.0,795,187000,4
8,2794,810.0,3.0,1462.0,1490,403000,4
6,2030,551.0,2.0,848.0,1118,195000,3
6,1254,525.0,2.0,1218.0,1254,158500,3
8,1989,586.0,2.0,1065.0,1091,255000,4
5,1898,484.0,2.0,1898.0,1898,236500,3
5,988,360.0,1.0,988.0,988,129250,3
7,1801,484.0,2.0,1501.0,1801,289000,3
5,1872,484.0,2.0,0.0,936,100000,0
8,2439,560.0,2.0,1531.0,1531,275000,4
8,1764,560.0,2.0,850.0,886,207000,4
5,1200,884.0,2.0,864.0,1200,146000,3
6,1030,264.0,1.0,494.0,494,116000,3
7,2034,645.0,2.0,1057.0,1057,219500,4
7,1405,478.0,2.0,1405.0,1405,173000,4
4,1229,284.0,1.0,1134.0,1229,135000,3
7,1932,610.0,2.0,979.0,992,213000,4
6,1299,494.0,2.0,967.0,1299,150000,3
7,1402,648.0,3.0,1258.0,1402,194201,5
7,1504,457.0,2.0,1346.0,1504,181000,4
6,1442,301.0,1.0,1442.0,1442,157900,3
7,1779,586.0,2.0,951.0,951,217000,4
8,1953,1043.0,3.0,1082.0,1082,252000,4
7,1909,529.0,2.0,872.0,872,197000,4
7,1630,436.0,2.0,868.0,868,189500,4
5,1250,280.0,1.0,686.0,686,116000,3
6,1328,528.0,2.0,1328.0,1328,143000,3
5,988,276.0,1.0,876.0,988,119000,3
6,1278,240.0,1.0,854.0,854,127500,3
6,1716,615.0,2.0,858.0,858,200825,4
2,498,216.0,1.0,498.0,498,35000,3
7,2840,1314.0,4.0,1420.0,1420,292500,4
6,987,280.0,1.0,483.0,483,106000,3
4,756,440.0,2.0,660.0,756,85000,2
8,1712,701.0,3.0,1712.0,1712,286500,5
6,1069,440.0,2.0,1069.0,1069,127500,4
7,1335,575.0,2.0,1335.0,1335,210400,4
8,1518,588.0,2.0,1518.0,1518,274000,5
8,1780,612.0,2.0,920.0,920,264966,4
4,1484,264.0,1.0,771.0,866,50000,3
5,1652,416.0,1.0,686.0,966,139000,2
7,2503,564.0,2.0,1223.0,1271,300000,4
8,2704,538.0,2.0,1952.0,2000,345000,4
8,1592,484.0,2.0,1556.0,1592,228000,4
7,1394,400.0,2.0,384.0,754,165500,4
4,1328,210.0,1.0,686.0,810,107000,3
8,1593,682.0,2.0,1593.0,1593,286000,5
4,720,0.0,0.0,720.0,720,34900,3
5,912,288.0,1.0,912.0,912,115000,3
8,1456,400.0,2.0,1273.0,1456,215000,4
7,1944,216.0,1.0,672.0,1272,179900,3
8,1502,528.0,2.0,1488.0,1502,212000,4
8,2064,527.0,2.0,1074.0,1074,250000,4
5,1576,225.0,1.0,1042.0,1042,149000,3
6,1658,431.0,2.0,773.0,773,188000,4
3,713,371.0,1.0,713.0,713,99800,3
7,2554,704.0,2.0,718.0,1576,159500,3
7,1374,400.0,2.0,384.0,744,184500,4
8,2574,868.0,3.0,1482.0,1482,276000,5
6,1548,440.0,2.0,804.0,804,155000,4
5,1404,504.0,2.0,1188.0,1404,160000,3
5,1440,480.0,2.0,720.0,720,157500,3
8,1803,482.0,2.0,1679.0,1803,285000,4
5,2200,0.0,0.0,1272.0,1272,145900,3
7,2037,472.0,2.0,672.0,1302,229000,4
4,1281,580.0,2.0,1151.0,845,128500,3
8,1976,885.0,3.0,1044.0,1079,286000,4
6,1608,470.0,2.0,945.0,945,189500,4
5,1210,616.0,1.0,0.0,1210,102900,0
5,1612,363.0,1.0,988.0,1030,128500,3
5,1728,371.0,1.0,1216.0,1216,156000,3
8,2482,642.0,3.0,1094.0,1133,281213,4
7,2069,505.0,2.0,585.0,2069,242000,4
6,1478,498.0,2.0,1478.0,1478,157500,3
7,1724,616.0,2.0,796.0,806,196500,4
7,1425,591.0,2.0,1425.0,1425,193000,4
5,1322,280.0,1.0,672.0,899,132000,3
7,1428,576.0,2.0,712.0,848,139900,3
6,1194,312.0,1.0,1194.0,1194,148000,3
8,1818,774.0,3.0,895.0,895,281500,5
8,2956,916.0,3.0,1706.0,1718,342000,4
6,1210,528.0,2.0,1128.0,1210,148000,3
5,1641,490.0,2.0,1001.0,1001,140000,4
5,1053,750.0,2.0,1008.0,1053,150000,3
7,2125,576.0,2.0,1064.0,1064,279500,5
6,1072,525.0,2.0,547.0,1072,140000,4
6,1664,616.0,2.0,1664.0,1664,145000,3
7,1337,511.0,2.0,1405.0,1337,184000,4
8,1226,484.0,2.0,1226.0,1226,206000,4
4,1092,253.0,1.0,546.0,546,85500,3
6,1660,240.0,1.0,715.0,849,188700,3
6,1671,484.0,2.0,1427.0,1671,200000,3
7,1061,462.0,2.0,1054.0,1061,162000,4
5,672,240.0,1.0,672.0,672,108000,3
5,1621,478.0,2.0,1621.0,1621,213000,4
8,1734,928.0,3.0,1734.0,1734,318000,5
5,2138,360.0,2.0,849.0,1075,106000,3
6,2009,795.0,3.0,672.0,1337,235000,3
4,1225,0.0,0.0,950.0,1225,128950,3
6,1362,504.0,2.0,1362.0,1362,163000,3
5,1134,240.0,1.0,756.0,756,126000,3
7,2082,484.0,2.0,1362.0,1362,200000,4
5,1524,315.0,1.0,874.0,874,144000,3
5,1800,0.0,0.0,1800.0,1800,141000,3
8,2582,758.0,3.0,1389.0,1411,322500,4
7,1661,598.0,2.0,1649.0,1661,224900,4
5,1576,528.0,2.0,1324.0,1072,223500,3
4,960,288.0,1.0,672.0,960,112000,3
6,1604,470.0,2.0,926.0,926,187500,3
1,904,0.0,0.0,683.0,904,61000,2
6,1196,528.0,2.0,684.0,684,110000,3
3,729,0.0,0.0,270.0,729,52000,3
6,1362,460.0,2.0,1362.0,1362,207000,4
5,1964,0.0,0.0,940.0,1024,130000,3
4,1296,516.0,2.0,0.0,1296,90000,0
5,1287,440.0,2.0,624.0,624,130000,4
5,1252,576.0,2.0,504.0,936,127000,2
9,1905,788.0,3.0,1905.0,1905,320000,5
5,1130,720.0,2.0,1120.0,1130,120000,3
7,1659,484.0,2.0,831.0,831,181000,4
4,894,400.0,2.0,894.0,894,110000,3
4,1701,0.0,0.0,600.0,1101,94550,2
4,869,0.0,0.0,440.0,869,85500,4
5,1008,678.0,2.0,923.0,1008,153500,4
3,1733,452.0,2.0,0.0,1733,139600,0
5,1568,440.0,2.0,1568.0,1568,143000,3
8,3238,666.0,3.0,2033.0,2053,410000,4
6,1772,492.0,2.0,928.0,928,200000,4
5,864,312.0,1.0,864.0,864,130000,3
6,1639,240.0,1.0,747.0,892,154400,3
8,2715,831.0,2.0,1142.0,1175,299800,3
5,1112,226.0,1.0,585.0,687,63000,3
5,1347,551.0,2.0,1347.0,1347,143000,3
5,964,784.0,2.0,964.0,964,137500,3
6,2872,619.0,2.0,1330.0,1542,272000,4
6,1167,400.0,2.0,1158.0,1167,173000,4
7,1524,478.0,2.0,1524.0,1524,245000,4
5,936,672.0,2.0,936.0,936,140000,4
7,2696,792.0,3.0,1264.0,1282,383970,5
4,1482,609.0,2.0,954.0,1482,125000,3
5,768,396.0,2.0,768.0,768,133000,4
8,1468,898.0,3.0,1468.0,1468,244600,4
5,1044,372.0,2.0,912.0,1044,139000,3
5,1036,312.0,1.0,1036.0,1036,112900,3
5,1360,330.0,1.0,680.0,680,111000,3
6,1392,458.0,2.0,1392.0,1392,166000,3
7,1950,576.0,2.0,975.0,975,239000,4
7,1344,784.0,4.0,1344.0,1344,209200,4
5,1484,487.0,2.0,1484.0,1484,175000,4
7,1760,583.0,2.0,1760.0,1760,269500,4
7,2322,400.0,2.0,1037.0,1037,225000,4
8,1742,564.0,2.0,1742.0,1742,275000,4
5,1376,240.0,1.0,768.0,968,105000,3
5,1086,484.0,2.0,1024.0,1086,159950,3
5,1656,180.0,1.0,660.0,808,135000,2
8,2122,938.0,3.0,2108.0,2122,345474,4
5,1522,0.0,0.0,1008.0,1008,102000,3
7,1696,625.0,2.0,1696.0,1696,198000,4
8,2078,836.0,3.0,1034.0,1050,339750,5
5,1466,566.0,2.0,796.0,1096,170000,2
5,876,576.0,2.0,876.0,876,94000,2
7,1737,578.0,2.0,851.0,851,203160,4
7,1662,711.0,3.0,1652.0,1662,291000,4
6,2267,390.0,2.0,1010.0,1010,200000,4
5,1584,506.0,2.0,1584.0,1584,119000,3
1,334,0.0,0.0,0.0,334,39300,0
4,796,0.0,0.0,796.0,796,55000,3
7,1812,469.0,2.0,952.0,952,205000,4
6,1092,264.0,1.0,525.0,525,108000,3
5,1632,576.0,2.0,1632.0,1632,143000,3
7,3082,672.0,2.0,824.0,1687,197000,3
7,1665,562.0,2.0,813.0,822,205950,4
6,1743,539.0,2.0,702.0,1041,175000,3
8,2048,552.0,2.0,1054.0,1072,301000,5
7,1314,626.0,2.0,1314.0,1314,230000,4
7,1405,478.0,2.0,1405.0,1405,171750,4
7,1027,0.0,0.0,931.0,1027,120000,3
5,1324,180.0,1.0,741.0,741,110000,3
6,1074,467.0,1.0,663.0,1074,144500,3
5,1422,576.0,2.0,925.0,1422,155000,3
6,1200,312.0,1.0,1200.0,1200,125000,3
7,1690,624.0,2.0,560.0,930,156500,3
6,1212,492.0,2.0,506.0,1212,151000,4
6,1105,308.0,1.0,1105.0,1105,135000,3
4,1092,253.0,1.0,546.0,546,79400,3
6,1358,484.0,2.0,1358.0,1358,213000,4
8,1908,431.0,2.0,967.0,993,202900,4
6,1796,546.0,2.0,794.0,882,211000,4
5,1800,0.0,0.0,1800.0,1800,130000,3
6,1608,216.0,1.0,976.0,1160,137450,3
4,1620,490.0,2.0,1281.0,1620,150000,3
5,1111,200.0,1.0,616.0,616,95000,3
7,1501,440.0,2.0,744.0,757,179400,4
5,1588,561.0,2.0,725.0,725,212109,4
5,1235,480.0,2.0,1235.0,1235,98600,3
5,1325,576.0,2.0,409.0,1325,216000,3
8,2234,768.0,3.0,1160.0,1205,300000,4
7,2260,533.0,2.0,1306.0,1306,328000,5
5,1109,288.0,1.0,372.0,576,139000,3
5,1000,575.0,2.0,1000.0,1000,164000,4
6,1045,462.0,2.0,516.0,529,123900,4
5,858,0.0,0.0,858.0,858,116500,3
6,1337,522.0,2.0,1405.0,1337,177000,4
4,1315,436.0,2.0,808.0,838,99500,2
6,1326,427.0,2.0,1326.0,1326,174190,4
7,1200,480.0,2.0,600.0,520,151000,4
6,848,420.0,2.0,848.0,848,143750,4
5,796,336.0,1.0,796.0,796,131900,4
5,1432,531.0,2.0,716.0,716,157000,4
5,1344,468.0,1.0,672.0,672,147000,3
7,1432,432.0,2.0,716.0,716,188500,4
7,1364,484.0,2.0,1364.0,1364,185850,4
5,984,310.0,1.0,984.0,984,126000,3
5,864,308.0,1.0,864.0,864,118000,3
9,1612,556.0,2.0,1612.0,1612,319900,5
6,1003,588.0,2.0,1003.0,1003,142500,3
5,1200,246.0,1.0,1200.0,1200,129900,3
7,1368,474.0,2.0,1368.0,1368,202500,4
5,1640,394.0,2.0,0.0,1640,131000,0
6,1838,721.0,3.0,1838.0,1838,185000,4
6,1456,440.0,2.0,855.0,855,138000,4
6,1368,216.0,1.0,684.0,684,114504,3
6,1487,220.0,1.0,735.0,798,113000,3
4,1154,240.0,1.0,796.0,796,125500,3
5,1020,528.0,2.0,980.0,1020,165000,3
5,1440,352.0,1.0,540.0,889,79000,3
6,1236,480.0,2.0,600.0,600,152000,4
6,1664,420.0,2.0,1004.0,1004,159000,3
4,1100,312.0,1.0,1100.0,1100,141000,3
6,1488,430.0,2.0,1008.0,1488,167000,3
5,1453,240.0,1.0,835.0,955,132000,3
7,1442,719.0,2.0,910.0,1442,179900,4
5,900,280.0,1.0,882.0,900,122000,3
6,1045,264.0,1.0,1045.0,1045,127000,3
6,1419,543.0,2.0,1487.0,1419,190000,4
5,1452,572.0,2.0,1420.0,1452,158450,4
5,1464,480.0,2.0,520.0,1464,175000,4
9,1746,758.0,3.0,1746.0,1746,377500,5
5,1536,480.0,2.0,928.0,928,138400,3
7,1734,660.0,2.0,1734.0,1734,260000,4
8,1976,908.0,3.0,1976.0,1976,440000,5
7,1212,573.0,2.0,1212.0,1212,178000,4
5,1052,288.0,1.0,1052.0,1052,138500,3
5,1057,576.0,2.0,1057.0,1057,132000,3
6,1609,305.0,1.0,1000.0,1068,149900,3
7,1668,252.0,1.0,672.0,1195,108000,3
5,924,280.0,1.0,924.0,924,110000,4
6,1229,462.0,2.0,561.0,561,124000,4
4,882,0.0,0.0,882.0,882,103200,3
7,1352,466.0,2.0,1352.0,1352,194000,5
5,948,300.0,1.0,948.0,948,108000,3
5,864,440.0,1.0,864.0,864,122000,3
7,1700,450.0,1.0,430.0,880,148400,4
5,1276,350.0,1.0,1276.0,1276,60000,3
7,1626,534.0,2.0,1602.0,1626,226500,4
2,480,308.0,1.0,480.0,480,35311,3
6,1012,0.0,0.0,976.0,1012,127500,4
5,889,484.0,2.0,864.0,889,137500,3
6,1117,542.0,2.0,1029.0,1117,147000,3
8,2452,691.0,3.0,1117.0,1132,309000,5
7,2365,551.0,2.0,1803.0,2365,315000,4
5,912,576.0,2.0,912.0,912,147000,3
8,1567,648.0,3.0,1520.0,1567,264561,4
5,1360,572.0,2.0,384.0,1360,130000,3
6,1525,440.0,2.0,756.0,769,177000,4
5,1200,0.0,0.0,780.0,780,119000,4
7,1073,246.0,1.0,1073.0,1073,157000,4
5,1159,336.0,1.0,1051.0,1159,158000,3
4,1540,352.0,1.0,1190.0,1040,115000,3
5,894,308.0,1.0,894.0,894,120750,4
7,1674,663.0,2.0,814.0,814,216000,4
4,1092,286.0,1.0,546.0,546,75000,3
6,1430,484.0,2.0,1430.0,1430,192000,3
6,1040,616.0,2.0,960.0,1040,160500,3
7,1494,840.0,3.0,1494.0,1494,279500,4
5,1075,440.0,2.0,981.0,1075,148000,4
5,992,294.0,1.0,992.0,992,145000,3
8,2520,796.0,3.0,1338.0,1352,310000,4
6,1146,294.0,1.0,1083.0,1146,165000,3
8,2448,711.0,3.0,1629.0,1686,402000,4
7,1958,936.0,3.0,1026.0,1026,250000,4
4,630,0.0,0.0,630.0,630,73000,4
5,1792,0.0,0.0,896.0,896,136000,4
9,1565,556.0,2.0,1560.0,1565,282500,5
8,1595,880.0,3.0,1595.0,1595,221500,4
4,1680,628.0,2.0,1680.0,1680,170000,4
6,1040,480.0,2.0,1040.0,1040,163000,3
8,2531,752.0,3.0,1318.0,1328,290000,4
8,2538,933.0,3.0,1325.0,1335,330000,4
6,987,264.0,1.0,483.0,483,111000,3
6,1755,530.0,2.0,840.0,840,214000,4
5,1152,636.0,2.0,1152.0,1152,137500,3
7,1884,581.0,2.0,926.0,1016,240900,4
7,1923,564.0,2.0,750.0,1061,190000,4
7,1611,1231.0,3.0,1569.0,1611,250000,4
5,1437,528.0,2.0,1437.0,1437,218000,4
7,2075,473.0,2.0,1148.0,1091,255000,4
7,1670,690.0,3.0,1670.0,1670,240000,4
8,2140,894.0,3.0,2140.0,2140,360000,4
5,1265,502.0,2.0,1219.0,1265,179900,3
5,3086,0.0,0.0,1598.0,1636,200500,3
3,968,0.0,0.0,600.0,600,37900,3
8,1312,471.0,2.0,1267.0,1312,180500,5
7,2787,820.0,4.0,1168.0,1168,269500,5
7,1733,433.0,2.0,847.0,847,225000,4
6,1215,720.0,2.0,720.0,720,141000,3
9,1743,927.0,3.0,1739.0,1743,335000,5
5,1026,308.0,1.0,1026.0,1026,150000,4
9,1842,894.0,3.0,1842.0,1842,385000,5
7,1986,486.0,2.0,768.0,1186,205000,3
7,1208,632.0,2.0,1187.0,1208,206000,4
7,1422,626.0,2.0,1422.0,1422,179600,4
4,1220,396.0,2.0,836.0,1220,102000,2
5,1126,540.0,2.0,1126.0,1126,175000,4
5,1384,896.0,2.0,1015.0,1384,159000,3
6,1127,480.0,2.0,1127.0,1127,135000,3
6,1855,325.0,1.0,994.0,1216,136900,3
5,1236,288.0,1.0,912.0,1236,135000,3
8,2365,856.0,3.0,1252.0,1268,337000,4
6,2654,619.0,2.0,1054.0,1512,250000,3
8,2340,787.0,3.0,1236.0,1236,306000,4
5,1200,0.0,0.0,1200.0,1200,179000,4
7,1392,540.0,2.0,689.0,703,146000,4
6,2180,720.0,2.0,1138.0,1138,161000,3
6,1610,480.0,2.0,1610.0,1610,205000,3
7,1501,512.0,2.0,1277.0,1501,241500,4
4,1029,261.0,1.0,1029.0,1029,118500,3
5,1352,288.0,1.0,1062.0,1352,130000,3
5,1072,379.0,2.0,808.0,1072,130000,3
10,2698,736.0,3.0,1850.0,1850,535000,5
5,912,252.0,1.0,912.0,912,123000,3
4,1152,0.0,0.0,0.0,1152,82000,0
7,1450,288.0,1.0,624.0,730,132000,3
5,1073,326.0,1.0,1073.0,1073,108480,3
5,1458,512.0,2.0,1176.0,1458,165000,3
7,1486,566.0,2.0,1461.0,1486,181000,4
5,1774,384.0,1.0,552.0,904,165000,3
5,1479,275.0,1.0,864.0,864,161000,3
8,1504,510.0,2.0,1504.0,1504,199000,4
7,1894,510.0,2.0,817.0,824,214900,4
8,1278,584.0,2.0,1278.0,1278,198600,4
8,2263,420.0,2.0,1141.0,1165,258000,4
7,2787,820.0,4.0,1168.0,1168,269500,5
7,1414,403.0,2.0,707.0,707,176000,4
6,1302,309.0,1.0,1302.0,1302,158000,4
8,1419,527.0,2.0,408.0,779,184100,4
6,1220,944.0,2.0,1625.0,1220,170000,3
6,1982,501.0,2.0,572.0,1182,208000,3
6,848,420.0,2.0,848.0,848,140000,4
8,1648,482.0,2.0,1596.0,1648,230000,5
8,1337,462.0,2.0,1337.0,1337,188500,4
5,1717,410.0,1.0,901.0,1125,194000,4
5,1104,384.0,1.0,1104.0,1104,133000,3
5,907,343.0,1.0,907.0,907,140000,4
7,1652,532.0,2.0,782.0,782,207500,4
6,2640,515.0,2.0,932.0,1271,256900,3
5,1034,240.0,1.0,735.0,735,109000,3
5,1513,400.0,2.0,0.0,1513,113722,0
8,1498,844.0,3.0,1498.0,1498,237000,5
5,1053,692.0,2.0,1053.0,1053,142100,3
6,1293,452.0,2.0,1178.0,1293,149900,3
9,2020,896.0,3.0,2020.0,2020,404000,5
7,2448,441.0,2.0,1438.0,1900,277500,3
6,1732,476.0,2.0,741.0,977,178000,4
8,1324,550.0,2.0,1324.0,1324,254000,4
2,832,780.0,2.0,678.0,832,12789,2
7,1253,402.0,2.0,1237.0,1253,176000,4
9,2596,840.0,3.0,1249.0,1249,342643,5
5,902,288.0,1.0,876.0,902,125500,3
6,1495,438.0,2.0,1495.0,1495,150000,4
8,1584,594.0,2.0,1574.0,1584,261329,4
7,1080,0.0,0.0,1080.0,1080,141000,4
4,1647,280.0,1.0,1105.0,1647,153000,3
7,1258,648.0,3.0,1258.0,1258,172500,5
6,1396,384.0,1.0,698.0,698,153575,3
5,1001,216.0,1.0,837.0,1001,124900,3
9,2121,732.0,3.0,2121.0,2121,415298,5
6,1480,207.0,1.0,972.0,1044,119000,3
8,1588,825.0,3.0,1588.0,1588,227000,4
5,1053,312.0,1.0,1053.0,1053,145500,3
3,492,200.0,1.0,492.0,492,61500,2
7,1851,506.0,2.0,1851.0,1851,192100,3
6,1403,308.0,1.0,698.0,754,116000,3
6,1138,264.0,1.0,588.0,1138,145000,3
9,2452,886.0,3.0,2452.0,2452,445000,5
5,1040,484.0,2.0,1040.0,1040,150500,4
6,1655,440.0,2.0,763.0,763,175900,4
6,1116,528.0,2.0,1116.0,1116,167900,3
7,1863,660.0,3.0,879.0,879,219210,4
6,1845,462.0,2.0,1055.0,1055,189000,4
5,1176,292.0,1.0,1176.0,1176,136500,3
5,892,416.0,1.0,864.0,892,137900,3
5,1022,280.0,1.0,1022.0,1022,85000,3
5,2136,528.0,2.0,2136.0,2136,137900,3
6,1604,472.0,2.0,926.0,926,195500,4
6,1647,216.0,1.0,806.0,841,128000,4
5,864,420.0,1.0,864.0,864,135000,3
5,1076,576.0,2.0,1076.0,1076,143195,3
5,935,308.0,1.0,742.0,779,79500,3
7,1663,478.0,2.0,835.0,835,192500,4
5,1328,308.0,1.0,768.0,768,129500,3
6,1572,373.0,2.0,806.0,806,168000,4
6,1342,240.0,1.0,739.0,874,105000,3
6,981,576.0,2.0,981.0,981,143250,3
5,1099,352.0,1.0,1099.0,1099,144000,4
7,2110,463.0,2.0,948.0,1222,205000,4
6,1026,528.0,2.0,970.0,1026,143000,4
9,1419,588.0,2.0,1419.0,1419,290000,5
9,2364,820.0,3.0,2330.0,2364,611657,5
5,1040,576.0,2.0,1040.0,1040,152000,4
8,1280,506.0,2.0,1280.0,1280,191500,4
8,2473,852.0,3.0,1143.0,1143,317000,5
7,1302,224.0,1.0,680.0,798,165250,3
5,1092,264.0,1.0,1092.0,1092,123000,3
6,1188,621.0,2.0,988.0,1188,185000,3
7,1045,528.0,2.0,1045.0,1045,120000,3
6,1093,484.0,2.0,1093.0,1093,158500,3
6,1640,520.0,2.0,798.0,798,173000,4
4,1224,462.0,2.0,0.0,1224,101800,0
7,1135,576.0,2.0,560.0,575,155000,4
5,1078,264.0,1.0,1054.0,1078,125000,3
4,968,331.0,1.0,0.0,968,104500,0
9,2224,738.0,3.0,1462.0,1462,350000,5
3,1040,400.0,2.0,0.0,1040,93500,0
7,1790,588.0,2.0,873.0,882,193000,4
6,2555,672.0,2.0,588.0,1423,191000,5
6,813,270.0,1.0,813.0,813,110000,3
8,1872,531.0,2.0,1299.0,1299,261500,4
5,1050,338.0,1.0,1050.0,1050,128900,3
9,3500,959.0,3.0,1733.0,1933,584500,5
4,948,248.0,1.0,864.0,948,111000,3
5,1316,576.0,2.0,750.0,960,90000,2
6,2380,596.0,2.0,1021.0,1465,129000,4
6,1640,924.0,2.0,1296.0,1640,224000,3
6,1200,480.0,2.0,600.0,600,165000,4
6,1324,180.0,1.0,662.0,662,122000,3
8,1564,502.0,2.0,1546.0,1564,267300,4
9,3140,820.0,3.0,1926.0,1966,485000,5
6,2486,576.0,2.0,1595.0,1611,220000,3
6,1771,600.0,2.0,864.0,872,215700,4
8,1836,862.0,3.0,1836.0,1836,280000,5
8,1575,732.0,3.0,1603.0,1575,284000,4
4,630,0.0,0.0,630.0,630,84500,4
6,1395,440.0,2.0,1395.0,1395,192000,3
7,1004,200.0,1.0,502.0,502,105000,3
7,1836,484.0,2.0,1860.0,1836,216837,4
5,1496,450.0,2.0,1296.0,1496,141500,3
5,894,450.0,2.0,894.0,894,130000,3
5,1040,0.0,0.0,1040.0,1040,124000,4
5,1008,280.0,1.0,1008.0,1008,139500,3
4,864,528.0,2.0,864.0,864,79275,3
8,1484,472.0,2.0,1476.0,1484,265900,4
6,790,160.0,1.0,768.0,790,91000,4
5,1934,567.0,2.0,1122.0,946,185000,4
5,1150,300.0,1.0,1150.0,1150,141000,3
8,2152,728.0,2.0,1582.0,1582,260116,4
4,672,234.0,1.0,672.0,672,113000,3
8,1511,811.0,3.0,1401.0,1511,225000,4
5,793,240.0,1.0,793.0,793,113000,3
6,1096,352.0,1.0,1008.0,1096,125200,3
8,2100,786.0,3.0,918.0,958,319500,5
5,1558,288.0,1.0,913.0,1048,140000,3
6,1650,518.0,2.0,1632.0,1650,250764,4
8,2088,656.0,3.0,948.0,948,250000,4
6,1536,400.0,2.0,768.0,768,176000,4
6,1721,464.0,2.0,1331.0,1721,174850,3
6,1548,440.0,2.0,804.0,804,147000,4
6,918,264.0,1.0,918.0,918,99500,4
9,2690,864.0,3.0,1365.0,1365,398800,5
6,1647,460.0,2.0,953.0,953,175000,4
5,825,350.0,1.0,825.0,825,109500,3
6,1657,484.0,2.0,1657.0,1657,163500,4
4,788,0.0,0.0,788.0,788,100000,3
8,2826,888.0,3.0,1334.0,1520,334000,5
5,864,280.0,1.0,864.0,864,137250,3
7,2462,576.0,2.0,1392.0,1392,320000,4
5,1287,576.0,2.0,1063.0,1287,162000,3
7,1478,484.0,2.0,1470.0,1478,222000,5
7,1342,393.0,2.0,698.0,698,178000,4
5,804,240.0,1.0,788.0,804,119000,3
5,1812,264.0,1.0,864.0,876,169500,3
7,2256,554.0,2.0,952.0,980,236000,4
8,1648,525.0,2.0,1596.0,1648,294464,5
6,2112,576.0,2.0,952.0,1092,206900,2
7,2084,618.0,2.0,956.0,956,233000,4
6,1032,280.0,1.0,1032.0,1032,108000,3
6,1470,420.0,2.0,680.0,680,165000,4
5,1040,748.0,2.0,1040.0,1040,134900,4
5,884,240.0,1.0,884.0,884,113000,3
5,1097,242.0,1.0,1097.0,1097,147900,4
5,864,0.0,0.0,864.0,864,99900,2
6,1456,460.0,2.0,855.0,855,143000,4
6,1176,528.0,2.0,816.0,816,114500,3
5,941,288.0,1.0,912.0,941,129200,3
8,1652,482.0,2.0,1600.0,1652,392500,5
7,2340,252.0,1.0,1152.0,1188,266500,3
7,1382,396.0,2.0,384.0,751,177500,4
5,1008,384.0,1.0,1008.0,1008,139500,3
6,1396,440.0,2.0,608.0,608,170000,4
6,2154,539.0,2.0,845.0,845,224500,3
8,2400,730.0,3.0,1082.0,1105,290000,4
7,1818,240.0,1.0,1040.0,1226,169500,3
7,1710,550.0,2.0,1710.0,1710,240000,5
5,1150,288.0,1.0,1078.0,1150,144000,3
6,1977,540.0,2.0,816.0,1127,165000,3
6,1332,542.0,2.0,1332.0,1332,145000,4
5,1298,504.0,2.0,1250.0,1298,114000,3
8,1973,895.0,3.0,1935.0,1973,395000,4
6,1092,440.0,2.0,525.0,525,105500,3
8,1916,741.0,3.0,1049.0,1036,254900,4
5,1238,357.0,1.0,864.0,1238,102000,3
7,1840,622.0,2.0,944.0,944,230000,4
5,1513,180.0,1.0,939.0,939,137500,3
5,1143,288.0,1.0,1008.0,1143,138000,3
6,1338,576.0,2.0,520.0,1338,156500,4
4,864,463.0,2.0,864.0,864,124500,3
7,1969,534.0,2.0,808.0,1161,190000,4
7,1266,388.0,2.0,1266.0,1266,159895,4
5,2601,621.0,2.0,612.0,990,189000,3
5,912,0.0,0.0,912.0,912,124000,3
5,1392,528.0,2.0,1392.0,1392,121500,4
5,1824,484.0,2.0,1824.0,1824,146000,3
7,1823,626.0,2.0,928.0,928,235000,4
8,1646,525.0,2.0,1594.0,1646,300000,5
4,1092,0.0,0.0,546.0,546,90500,3
5,1728,576.0,2.0,1728.0,1728,142600,3
7,1573,544.0,2.0,1573.0,1573,227000,4
7,2480,400.0,2.0,920.0,1240,205000,3
8,1341,482.0,2.0,1341.0,1341,246900,4
4,1361,185.0,1.0,173.0,825,89000,1
4,1120,480.0,2.0,744.0,792,64000,3
8,1226,484.0,2.0,1226.0,1226,170000,4
9,2822,1020.0,3.0,1734.0,1734,582933,5
6,1103,440.0,2.0,1103.0,1103,110500,3
6,1179,622.0,2.0,1179.0,1179,110000,3
5,698,0.0,0.0,698.0,698,118000,3
7,2046,871.0,3.0,998.0,1006,284000,4
6,1716,490.0,2.0,858.0,858,171000,3
7,1812,478.0,2.0,835.0,871,193000,4
5,1178,502.0,2.0,1090.0,1178,135000,4
7,1636,288.0,1.0,818.0,818,167000,3
4,864,528.0,1.0,576.0,864,105000,3
7,1588,472.0,2.0,1588.0,1588,214000,4
8,1914,746.0,3.0,1420.0,1426,279000,4
6,1875,485.0,2.0,675.0,1109,184500,3
3,1183,308.0,1.0,649.0,679,120000,3
6,1730,528.0,2.0,816.0,833,171500,4
7,1250,528.0,2.0,625.0,625,164700,4
6,2559,506.0,2.0,868.0,1313,209000,4
7,1548,388.0,2.0,1365.0,1548,225000,4
5,1184,0.0,0.0,658.0,658,81000,3
8,1670,928.0,3.0,1670.0,1670,336820,5
7,2062,454.0,2.0,1157.0,1180,277000,4
5,894,312.0,1.0,894.0,894,117600,3
6,1668,271.0,1.0,856.0,1112,140000,3
9,1766,874.0,3.0,1751.0,1766,395039,5
6,1496,572.0,2.0,768.0,768,181755,4
7,1400,612.0,2.0,1400.0,1400,186800,4
5,2140,549.0,2.0,744.0,825,177500,3
4,968,216.0,1.0,656.0,968,64500,3
7,1488,506.0,2.0,1488.0,1488,260000,5
7,1266,388.0,2.0,1266.0,1266,185485,4
5,875,180.0,1.0,715.0,875,105000,3
6,1855,512.0,2.0,528.0,1094,187000,3
7,1621,440.0,2.0,1208.0,1621,202500,4
7,1614,878.0,3.0,1614.0,1614,245700,4
6,1266,283.0,1.0,630.0,630,128000,3
8,2098,878.0,3.0,1030.0,1038,275500,4
7,1983,490.0,2.0,978.0,1005,225000,4
5,1183,288.0,1.0,528.0,1183,138000,4
6,1092,264.0,1.0,525.0,525,88000,3
9,2643,694.0,3.0,2153.0,2069,380000,4
8,1660,660.0,3.0,1660.0,1660,256000,4
5,900,576.0,2.0,900.0,900,134800,3
6,1229,462.0,2.0,561.0,561,121000,4
7,1761,578.0,2.0,874.0,874,227875,4
8,1694,776.0,3.0,1694.0,1694,245350,4
5,1248,0.0,0.0,624.0,624,93500,3
5,835,366.0,1.0,458.0,835,83000,3
6,1953,501.0,2.0,1580.0,1079,240000,4
5,1173,240.0,1.0,592.0,933,113000,3
6,1215,297.0,1.0,1215.0,1215,155000,3
6,912,288.0,1.0,912.0,912,142000,3
6,904,180.0,1.0,884.0,904,119000,3
6,1750,423.0,1.0,983.0,983,160000,4
6,1593,398.0,2.0,839.0,864,193000,3
8,2202,517.0,2.0,1105.0,1105,263000,5
7,1310,400.0,2.0,1310.0,1310,164990,4
4,948,280.0,1.0,948.0,948,119000,3
8,1448,692.0,2.0,1372.0,1448,238500,4
7,1533,576.0,2.0,1533.0,1533,280000,4
8,1565,476.0,2.0,1511.0,1565,193800,4
5,1060,572.0,2.0,1040.0,1060,129900,4
5,990,672.0,2.0,990.0,990,145000,4
8,1787,748.0,3.0,1753.0,1787,275000,4
3,1040,400.0,2.0,0.0,1040,81400,0
5,1089,252.0,1.0,1089.0,1089,125000,4
4,861,288.0,2.0,861.0,861,80000,2
5,1296,260.0,1.0,1107.0,1296,104000,3
7,1720,527.0,2.0,1720.0,1720,260400,4
7,1479,484.0,2.0,725.0,725,176000,4
5,1040,264.0,1.0,1040.0,1040,123000,3
9,2172,687.0,3.0,1519.0,1533,291000,5
6,972,240.0,1.0,972.0,972,132000,3
6,1456,400.0,2.0,728.0,728,176000,4
5,1728,576.0,2.0,1048.0,1728,177625,3
5,1221,392.0,1.0,784.0,949,104900,3
7,1749,515.0,2.0,842.0,856,196000,4
9,1577,564.0,2.0,1577.0,1577,280000,5
7,1474,400.0,2.0,384.0,804,168500,4
6,1671,423.0,2.0,781.0,781,170000,4
3,2034,1041.0,4.0,0.0,2034,130000,0
7,2009,400.0,2.0,989.0,1245,150000,3
5,1100,462.0,2.0,1100.0,1100,145000,4
5,1728,560.0,2.0,1728.0,1728,188000,3
6,1600,460.0,2.0,916.0,916,169000,4
5,1125,430.0,2.0,1125.0,1125,155000,4
7,1391,530.0,2.0,1391.0,1391,196000,4
7,1995,435.0,2.0,854.0,864,219500,4
6,1456,390.0,2.0,728.0,728,170440,4
6,1426,440.0,2.0,690.0,698,159500,3
10,5095,1154.0,3.0,5095.0,5095,183850,5
7,1682,530.0,2.0,1304.0,1682,174000,3
7,1277,526.0,2.0,1277.0,1277,167000,3
6,1456,440.0,2.0,855.0,855,148500,4
5,2228,720.0,2.0,0.0,1114,147983,0
6,1217,288.0,1.0,626.0,626,120000,4
5,1090,450.0,2.0,1090.0,1090,157000,5
5,1456,280.0,1.0,810.0,1002,91500,2
5,796,0.0,0.0,796.0,796,85000,2
5,1214,461.0,2.0,1214.0,1214,140000,3
5,955,386.0,1.0,955.0,955,127000,3
6,1728,673.0,2.0,864.0,864,207500,4
6,3672,836.0,2.0,1836.0,1836,415000,3
6,1561,463.0,2.0,1561.0,1561,193000,3
6,1481,343.0,2.0,702.0,702,174000,4
7,1527,410.0,2.0,699.0,801,152500,3
7,1640,595.0,2.0,798.0,798,183000,4
5,1480,253.0,1.0,1080.0,1080,136500,3
7,1792,564.0,2.0,963.0,963,231500,4
5,1148,308.0,1.0,980.0,1148,123500,5
5,1393,300.0,1.0,816.0,872,135500,3
6,1044,528.0,2.0,960.0,1044,133500,3
5,1144,336.0,1.0,1144.0,1144,124000,3
8,1924,592.0,2.0,1086.0,1086,280000,4
9,2599,779.0,3.0,1393.0,1422,333168,4
8,2283,632.0,3.0,1008.0,1008,270000,4
6,1133,900.0,2.0,795.0,765,128500,3
6,1398,542.0,2.0,1398.0,1398,172000,4
5,810,576.0,2.0,782.0,810,130000,4
6,1306,624.0,2.0,1306.0,1306,196000,4
5,803,360.0,2.0,720.0,803,87000,3
5,1435,308.0,1.0,910.0,910,128250,2
6,2073,500.0,2.0,1542.0,2073,210000,4
6,1991,432.0,2.0,854.0,1096,220000,3
4,1067,436.0,2.0,1067.0,1067,128000,4
5,1174,576.0,2.0,680.0,680,135000,3
4,1689,432.0,2.0,1680.0,1689,228500,4
6,1132,240.0,1.0,608.0,608,134000,3
6,1024,313.0,1.0,1008.0,1024,157500,3
8,2232,623.0,2.0,1173.0,1215,263550,4
6,1440,467.0,2.0,1440.0,1440,182900,4
6,1680,540.0,2.0,880.0,1680,222000,4
5,1092,0.0,0.0,1092.0,1092,146000,4
5,1559,812.0,2.0,1559.0,1559,153500,3
9,1980,770.0,3.0,1980.0,1980,315000,5
8,2630,696.0,3.0,1470.0,1470,315000,4
8,1861,851.0,3.0,1341.0,1341,257000,4
4,1200,850.0,3.0,1200.0,1200,173000,4
5,2320,672.0,2.0,0.0,1547,169000,0
8,2200,685.0,3.0,2200.0,2200,382500,5
8,1795,534.0,2.0,1777.0,1795,230000,4
5,1297,498.0,2.0,1297.0,1297,153000,3
5,1319,270.0,1.0,608.0,1319,123000,3
7,1463,539.0,2.0,1463.0,1463,207000,4
7,3493,870.0,3.0,1470.0,1675,295000,3
5,1094,576.0,2.0,1094.0,1094,149000,4
6,1960,440.0,2.0,860.0,860,216500,4
5,808,308.0,1.0,808.0,808,112000,3
5,943,528.0,2.0,943.0,943,134500,3
7,1246,428.0,2.0,1146.0,1246,187687,4
4,1128,528.0,2.0,698.0,698,68400,3
6,951,480.0,2.0,951.0,951,143500,3
7,1644,569.0,2.0,1518.0,1644,275000,4
7,1959,766.0,3.0,1907.0,1959,171000,3
6,2054,390.0,2.0,992.0,1022,244000,4
5,874,352.0,1.0,864.0,874,130000,3
8,1685,658.0,3.0,1685.0,1685,253000,4
4,693,0.0,0.0,693.0,693,52500,3
8,1034,598.0,2.0,982.0,1034,185000,4
6,1490,392.0,2.0,745.0,745,167800,4
8,1713,856.0,3.0,1713.0,1713,274900,5
7,1472,588.0,2.0,1372.0,1472,187500,4
7,1971,689.0,2.0,1113.0,1113,253000,4
4,988,297.0,1.0,526.0,526,105000,4
6,1576,368.0,2.0,1208.0,1576,174500,3
7,2049,467.0,2.0,1065.0,1065,210900,4
4,1531,209.0,1.0,756.0,1169,127000,3
7,1358,484.0,2.0,1358.0,1358,207000,4
7,2050,529.0,2.0,832.0,1154,154000,4
9,2338,1110.0,3.0,2660.0,2338,591587,5
5,2640,1008.0,3.0,2171.0,1392,180000,3
5,1584,792.0,3.0,1584.0,1584,124000,3
6,2237,440.0,2.0,712.0,1375,204000,4
7,1477,216.0,1.0,861.0,877,145000,3
5,1510,517.0,2.0,1510.0,1510,178900,3
8,2392,870.0,3.0,1396.0,1407,348000,4
6,1716,672.0,2.0,810.0,1170,162500,3
5,868,576.0,2.0,768.0,868,119900,4
7,1632,462.0,2.0,935.0,955,176500,4
5,1077,205.0,1.0,991.0,1077,118000,3
5,773,240.0,1.0,773.0,773,110000,3
7,1839,486.0,2.0,1195.0,1195,221000,4
8,2450,1069.0,3.0,1284.0,1310,340000,4
7,2019,532.0,2.0,728.0,1136,167500,4
8,1636,865.0,3.0,1623.0,1636,255000,4
7,1374,400.0,2.0,384.0,744,170000,4
5,1072,525.0,2.0,547.0,1072,145000,4
4,630,0.0,0.0,630.0,630,81000,4
6,1414,601.0,2.0,1184.0,1414,176500,4
8,1694,636.0,2.0,1686.0,1694,307000,5
7,1690,517.0,2.0,845.0,845,190550,4
7,2353,484.0,2.0,845.0,1153,260000,4
7,1055,319.0,1.0,1055.0,1055,137500,3
6,1055,542.0,2.0,1044.0,1055,147000,4
5,1144,264.0,1.0,864.0,1144,131400,3
8,2332,756.0,3.0,1148.0,1170,316000,5
6,1824,0.0,0.0,912.0,912,139000,3
5,1442,400.0,2.0,352.0,712,172500,4
5,1784,180.0,1.0,747.0,892,138887,4
6,2108,540.0,2.0,1127.0,1236,235000,3
5,894,308.0,1.0,894.0,894,109500,3
4,1430,370.0,2.0,596.0,834,107000,3
7,1776,474.0,2.0,936.0,936,192500,4
6,1602,529.0,2.0,1602.0,1602,215000,4
6,1650,468.0,2.0,926.0,991,144100,4
6,864,300.0,1.0,864.0,864,127500,3
7,2200,453.0,2.0,812.0,1101,225000,4
8,1710,866.0,3.0,1710.0,1710,372402,5
5,912,352.0,1.0,912.0,912,144000,3
6,1501,440.0,2.0,744.0,757,176500,4
6,1310,398.0,1.0,617.0,865,112000,2
6,987,264.0,1.0,483.0,483,100000,3
4,1092,286.0,1.0,546.0,546,88000,3
5,1680,528.0,2.0,1680.0,1680,136905,3
4,874,576.0,2.0,864.0,874,97500,3
3,729,0.0,0.0,0.0,729,51689,0
6,1252,528.0,2.0,1252.0,1252,142000,3
8,1828,876.0,3.0,1298.0,1298,250000,4
6,2495,660.0,2.0,1280.0,1280,243500,4
6,1306,624.0,2.0,1306.0,1306,184500,4
7,1478,506.0,2.0,1454.0,1478,210000,4
5,912,300.0,1.0,912.0,912,129000,3
2,540,200.0,1.0,480.0,540,82000,3
6,1604,470.0,2.0,926.0,926,181000,4
5,1536,400.0,2.0,768.0,768,167000,4
6,1671,472.0,2.0,959.0,959,173000,4
7,1611,572.0,2.0,784.0,784,195800,4
6,1844,540.0,2.0,1844.0,1844,223000,3
7,1367,484.0,2.0,1367.0,1367,192000,4
7,1725,550.0,2.0,539.0,1040,197000,3
8,2389,672.0,3.0,1054.0,1054,298236,5
7,1718,264.0,2.0,851.0,867,238000,3
5,1556,0.0,0.0,1556.0,1556,119000,3
7,2156,508.0,2.0,1568.0,2156,262500,3
9,1978,920.0,3.0,1978.0,1978,425000,5
4,1178,384.0,1.0,859.0,859,102776,3
5,1078,500.0,2.0,1078.0,1078,149900,3
6,1285,473.0,2.0,1243.0,1285,190000,3
8,1191,531.0,2.0,1191.0,1191,162500,4
6,1494,576.0,2.0,1479.0,1494,217000,4
4,1180,252.0,1.0,700.0,1180,137500,2
8,1795,782.0,3.0,900.0,909,270000,5
5,894,440.0,2.0,864.0,894,142500,3
6,1042,440.0,2.0,1042.0,1042,161000,3
4,1092,0.0,0.0,546.0,546,93900,3
7,2287,667.0,2.0,1304.0,1304,225000,3
9,2668,726.0,3.0,1572.0,1572,412500,5
4,1414,0.0,0.0,864.0,964,83000,3
6,1232,217.0,1.0,600.0,608,128000,3
6,1609,525.0,2.0,754.0,754,182000,4
8,1932,774.0,3.0,1932.0,1932,394617,5
8,1728,520.0,2.0,1884.0,1728,298751,4
4,861,539.0,2.0,861.0,861,82500,3
6,1913,342.0,2.0,896.0,1172,177000,3
4,1200,294.0,1.0,1200.0,1200,144000,3
7,1804,442.0,2.0,994.0,1028,189000,3
